TGW,HI,BM,CT_UAV_1,CT_UAV_2,CT_UAV_3,CT_UAV_4,YLD
40.510542,0.493706,1252.84183,25.451605,24.184386,24.083716,31.700124,617.4453
37.094174,0.492329,1403.919849,25.482403,24.005464,23.580308,31.270182,689.6464
44.20175,0.498393,1376.809117,25.643851,24.291071,24.444127,32.008681,687.2559
32.876596,0.516203,1234.698326,26.120276,24.171371,25.492758,34.282378,636.4969
41.374175,0.481962,1279.299001,25.619695,23.80797,23.9709,31.579817,616.5022
39.235418,0.473544,1337.657044,25.333164,24.056089,23.798011,30.742659,633.8
41.879114,0.445547,1421.517203,25.688926,23.830932,23.769406,30.961368,633.3193
34.038258,0.513363,1244.505465,25.715028,23.759055,22.533755,30.232465,640.8301
35.775,0.4565,1280.105,25.415,23.655,22.715,30.095,584.34
42.896912,0.473238,1250.532927,25.336893,23.56882,23.277579,30.929611,589.9792
40.892667,0.470356,1530.503936,25.480631,24.055684,23.152822,31.02096,719.887
38.679788,0.462411,1457.523458,25.28822,23.995725,24.539216,32.780548,669.4631
39.259685,0.471271,1301.036613,25.742033,24.105988,23.678313,30.519471,612.7014
41.048271,0.485854,1419.162382,25.534237,24.152802,23.255087,31.473364,689.074
33.606927,0.471802,1223.20575,25.54967,23.708058,23.517479,31.144496,575.3299
31.933677,0.395617,1051.089892,25.693816,23.515794,22.90424,29.861462,413.2465
40.744884,0.515211,1268.259575,25.85639,23.857557,23.26223,30.253578,653.6674
28.379788,0.416911,1555.268458,25.72822,23.845725,23.249216,31.195548,646.7981
46.539818,0.488001,1275.027451,25.610598,23.912851,23.657205,31.190244,623.1032
45.731462,0.489699,1286.149138,25.691691,24.260867,25.070723,33.312501,630.8695
40.558387,0.471623,1486.699581,25.468682,23.912062,23.36514,30.829984,699.6754
43.098533,0.529053,1345.952065,25.612204,23.962294,24.061366,32.245842,713.1463
36.155448,0.485102,1293.252744,25.751073,23.762124,23.449173,31.443446,629.648
40.064542,0.500239,1176.852557,25.381648,23.660448,23.71572,31.32458,590.605
39.200654,0.483015,1277.633962,25.44536,24.142702,23.911918,31.895203,615.6989
40.151959,0.511412,1222.305452,25.55806,24.384729,24.435049,33.25724,623.5185
40.951072,0.477879,1145.716446,25.534388,23.954046,24.427397,32.784805,547.8761
34.510309,0.468411,1138.012133,25.98192,24.011075,24.197868,32.131962,534.254
42.208705,0.496783,1310.614691,25.415179,23.540868,25.547977,33.762646,655.5796
26.29385,0.438276,1262.629909,25.418399,23.62964,23.315328,30.874606,558.0368
26.533705,0.478283,824.924691,25.905179,23.955868,25.437977,33.292646,398.2896
28.820212,0.418089,1503.221542,25.44178,23.614275,23.530784,31.524452,629.6769
44.086312,0.501093,1354.331298,25.779419,23.863233,23.363292,30.851492,678.9975
27.073041,0.471088,1268.244549,25.51194,24.355271,24.179951,32.66276,598.2015
39.953151,0.465352,1583.155038,25.251471,23.623502,23.318841,31.936099,738.674
36.824784,0.453162,1437.126435,25.630115,23.745482,23.671208,31.840422,651.1108
34.713294,0.495724,1521.681489,25.573061,23.989277,24.329016,32.707152,756.234
37.441843,0.469281,1401.779089,25.64356,24.018449,23.370333,30.377184,658.2381
41.954518,0.481897,1430.697925,25.451524,23.856782,23.649589,31.968979,688.6826
40.2927,0.501419,1309.710581,25.595701,23.979948,22.957489,30.25821,655.7725
42.130194,0.513339,1187.461316,25.413506,24.126871,24.351818,32.931183,608.9537
40.12088,0.485598,1390.706216,25.397255,23.85627,23.522223,31.315043,676.7084
31.001699,0.432502,1162.975882,25.636743,23.91709,23.334864,31.216871,503.3837
36.367301,0.500949,1043.1386,25.70628,24.079484,24.197182,31.913188,522.596
33.567735,0.451649,1284.031196,25.471282,24.277493,23.990777,31.387605,579.9627
39.510309,0.491411,1070.537133,25.51692,24.686075,25.307868,32.821962,527.464
40.118639,0.475375,1321.355515,25.322171,23.844898,24.040476,31.489186,625.3463
41.413337,0.452638,1197.868205,25.504858,24.102235,24.458486,32.369768,543.1588
44.529348,0.489618,1388.675146,25.667773,23.955929,23.321665,30.814274,679.76
43.683875,0.462092,1272.647911,25.822355,24.123097,23.596938,30.904606,587.3306
41.384579,0.525131,1295.766864,25.478255,23.997046,23.912631,31.393179,679.5963
37.660309,0.481911,1276.977133,25.88192,24.096075,24.827868,33.266962,616.829
44.221714,0.487267,1359.753196,25.844713,23.954619,23.924963,31.242761,663.1216
35.014127,0.439411,1253.493577,25.661263,23.812897,22.678787,30.858313,550.7822
38.398101,0.463074,1301.769603,25.640486,24.501948,24.447164,32.568659,602.5863
43.433705,0.413283,1348.859691,25.390179,23.510868,23.452977,31.107646,557.3696
39.066802,0.471838,1462.190696,25.273769,23.494469,23.141685,30.801484,691.2023
37.32293,0.504001,1541.771793,25.561968,23.77975,23.538462,31.012814,770.1079
32.975,0.431,1262.155,25.405,24.035,24.51,31.72,545.02
41.619147,0.456135,1362.351782,25.526091,23.755083,23.166562,30.806731,622.3372
40.860559,0.428358,1486.356057,25.64268,24.08929,24.822748,31.285232,638.4563
37.73937,0.466114,1512.60612,25.524572,24.00096,23.492091,31.323386,705.1688
41.75052,0.482049,1385.528832,25.923923,23.984763,23.351018,30.329624,668.8574
49.15483,0.483366,1397.140793,25.792793,24.041784,23.67103,31.10898,675.5781
46.567735,0.506649,1294.746196,25.671282,24.062493,23.025777,30.472605,655.3627
42.061591,0.477841,1485.972322,25.740485,24.05437,23.694105,30.791388,709.6073
34.899644,0.470804,1409.612721,25.536748,23.944199,23.749702,31.841764,664.4599
40.187016,0.452618,1443.620098,25.471252,24.608914,24.055462,31.897511,654.2499
52.127933,0.436404,1076.39768,25.607046,24.230567,24.20624,31.735307,466.3995
29.84385,0.325276,679.049909,25.318399,23.17464,22.635328,30.204606,226.1118
33.938377,0.366437,828.350964,25.518498,23.418565,23.71197,31.300196,304.5419
29.604123,0.339903,1494.857567,25.671379,23.596842,22.842757,30.434663,507.8515
32.289867,0.338395,947.698409,25.35943,23.148482,22.177356,29.280259,322.9881
41.13953,0.489457,1348.326325,25.668515,23.887625,23.198225,30.646573,660.6464
38.714835,0.444574,1320.165673,25.430947,24.23796,23.618558,31.161853,586.5906
35.890847,0.432363,1240.866666,25.696226,24.022314,24.19243,31.55984,534.4495
44.798307,0.496914,1248.630889,25.523461,24.044128,24.335869,32.358968,624.0551
40.573041,0.507088,1228.614549,25.64194,24.545271,25.124951,32.60276,623.0015
24.425,0.4085,1114.095,25.295,23.82,23.99,32.35,455.805
38.974574,0.454603,1496.340004,25.463582,23.811103,23.406631,30.464572,679.5885
43.771531,0.492738,1262.9329,25.511795,23.644764,23.560493,31.114737,621.8858
39.27675,0.457393,1314.414117,25.658851,24.176071,24.724127,33.298681,604.1609
30.970212,0.483589,1176.691542,25.58178,24.029275,25.675784,33.969452,569.8369
45.764818,0.500001,1229.102451,25.655598,23.617851,23.947205,31.410244,615.3932
39.726206,0.487884,1439.526464,25.634177,23.836998,23.953772,31.652491,703.2617
42.288575,0.461054,1325.072556,25.448252,23.777606,23.834479,31.015779,611.6587
44.434685,0.451271,1152.766613,25.782033,24.425988,23.848313,30.449471,519.2414
43.697042,0.4509,1444.690583,25.635807,23.958075,23.366814,30.23931,650.5887
46.358036,0.485415,1590.685246,25.638215,24.132168,23.588154,31.306528,770.8658
34.909374,0.470553,1254.735264,25.480479,24.033043,23.887161,31.331965,590.6908
47.21791,0.481734,1371.690427,26.040947,24.393303,23.784097,30.731733,660.3705
41.004058,0.492083,1010.648502,25.744417,23.7843,23.468588,30.974083,497.8125
52.204913,0.478681,1589.718787,25.776301,24.138305,23.157089,29.932621,761.6336
41.485198,0.442546,1475.808782,25.306813,23.717333,22.939915,30.464506,648.9682
41.359787,0.490639,1374.853267,25.305429,23.869418,23.143521,30.325821,674.4393
41.401165,0.472807,1431.671323,25.261451,23.929576,23.726923,31.612619,677.0666
40.949912,0.50582,1109.023086,25.562696,24.223283,23.842579,31.125615,562.1796
37.470519,0.48695,1186.156907,25.361516,23.80041,24.146621,31.38675,575.5569
30.847527,0.435913,1591.063233,25.652109,24.257907,24.224898,31.970432,692.9776
38.301629,0.499445,1427.006071,25.868298,23.753892,23.660216,31.266352,714.039
45.153968,0.494705,1362.244648,25.711812,24.25303,24.358797,31.690904,673.3955
38.42325,0.520607,1285.365883,26.106149,23.998929,23.045873,30.656319,670.5991
38.225,0.4175,1225.86,25.4,23.89,23.15,30.71,511.56
44.551596,0.516703,996.658326,25.440276,24.161371,23.707758,31.882378,513.3819
33.721587,0.488783,989.097898,25.681595,24.121471,24.600903,32.969869,482.6187
49.382851,0.475602,1252.258331,25.781389,23.994313,23.451772,30.76644,596.3016
37.251959,0.463412,936.455451,26.05306,24.239729,24.725049,32.98224,432.8685
44.234188,0.48355,1332.064831,25.653768,24.067833,23.737607,31.582523,642.4957
33.14825,0.460607,1321.115883,25.736149,24.558929,24.785873,32.721319,607.9341
43.141983,0.436482,1299.81204,25.57383,24.216592,23.914543,30.979832,568.2109
41.201672,0.475684,1311.898417,25.884476,24.140428,24.760471,32.090619,621.7623
42.087842,0.435595,1324.171457,25.709853,24.169947,23.465466,30.199569,573.8086
38.197061,0.446453,1286.18368,25.295734,24.025908,23.41843,30.881965,572.8508
32.925,0.425,1144.98,25.39,23.915,23.31,30.35,485.095
39.217521,0.469131,1240.658468,25.586465,23.760808,23.218441,30.059128,582.9539
41.64047,0.489199,920.931624,25.518745,23.92213,24.797573,33.015275,454.0723
35.139181,0.450824,1396.982699,25.704222,23.925951,23.695664,30.880657,628.8581
40.008058,0.483224,1329.432897,25.440082,23.717436,23.174006,31.618432,643.4364
35.760957,0.496693,1286.463473,25.530798,23.725305,23.451909,31.106955,637.738
37.011453,0.47296,1432.061397,25.666258,23.891628,23.387007,31.039487,677.3647
47.489818,0.501001,1334.842451,25.735598,23.662851,22.797205,30.070244,669.7632
43.141878,0.507135,1403.494063,25.751676,23.960584,23.797079,31.761888,713.1178
42.400139,0.443022,1448.741067,25.56241,23.750684,22.544785,29.480315,641.3728
43.242837,0.493517,1488.362851,25.639678,24.240923,24.005985,32.228954,735.1406
40.722953,0.46796,1304.67293,25.415857,23.956279,23.738056,31.281806,607.9717
28.56885,0.452776,1018.649909,25.588399,23.78964,24.585328,33.449606,461.9968
39.459914,0.478623,1504.282856,25.606657,24.09269,23.873206,31.534198,719.9246
38.404524,0.368802,1103.330164,25.469354,23.770869,22.88488,30.871502,408.6163
40.513377,0.358437,1291.935964,25.493498,23.813565,23.20697,30.200196,465.8019
37.087134,0.34499,1231.291068,25.261152,23.48832,22.939244,30.270731,424.1225
37.875,0.351,1450.02,25.405,23.555,23.48,31.19,507.185
42.866043,0.492331,1125.435883,25.750641,24.541871,24.263872,31.874182,553.957
44.600811,0.505381,1062.144804,25.673992,24.314071,24.586644,32.365806,535.5983
35.825,0.4035,1036.13,25.39,23.75,22.695,30.605,409.865
43.651036,0.496347,1237.790965,25.750821,24.176771,24.292846,31.866624,613.354
41.604059,0.400711,1257.840505,25.582441,23.863505,23.993438,32.399103,504.1498
35.241043,0.443331,1539.825883,26.010641,23.996871,23.813872,31.079182,679.722
39.15,0.409,631.04,25.375,23.76,23.12,30.585,254.905
37.176735,0.437402,1208.009071,25.608493,24.014504,24.505965,33.308771,527.2887
44.223763,0.443321,1289.963974,25.532789,23.931237,24.013455,31.666891,571.4099
42.141295,0.468717,1082.605309,25.614821,24.089132,25.332023,33.292354,505.5604
47.04385,0.490776,1338.134909,25.773399,23.79464,24.965328,33.194606,662.3418
31.08089,0.32401,1118.19143,25.550062,23.488141,23.115307,30.46448,359.8664
45.71885,0.510776,1296.069909,26.188399,23.66964,24.170328,32.419606,663.6568
36.197029,0.178166,298.25209,25.765084,23.280872,22.492383,30.305296,45.7955
34.939822,0.480596,971.623721,25.809934,24.470923,24.724123,32.100361,466.8301
33.09385,0.471276,1225.899909,25.788399,23.55464,23.465328,31.879606,580.3668
33.05175,0.494393,1144.299117,25.893851,24.341071,24.549127,33.253681,565.9559
34.922428,0.484578,1276.545261,25.608544,24.178141,23.453544,31.504567,618.5932
40.189212,0.485063,1630.776873,25.380136,23.516102,22.846195,30.345015,792.1191
41.351959,0.472912,1623.525452,25.70806,24.209729,23.590049,31.87224,765.6685
37.675139,0.470522,1140.096067,25.14741,23.535684,24.019785,32.130315,531.7228
42.825758,0.472112,1288.013309,25.981813,24.252367,24.231414,31.903058,607.8472
35.418022,0.457194,1197.825264,26.06185,24.2448,24.130855,31.904188,547.5715
36.868746,0.495479,1234.229337,25.55096,23.839995,23.572693,30.915733,611.2202
35.189643,0.486398,1281.575758,25.855548,24.37222,24.31869,31.811315,623.6013
39.392794,0.502264,1384.23807,25.579624,24.101459,23.64772,31.697513,696.6295
44.875013,0.499172,1288.461738,25.340898,23.973911,23.93747,32.366624,641.2868
40.051735,0.500902,1441.929071,25.718493,24.339504,25.115965,32.498771,724.2887
36.351959,0.477912,1084.625452,25.87806,24.264729,24.150049,31.60724,519.5935
38.358996,0.480323,1573.217015,25.674102,23.634574,22.715447,30.020589,755.4691
44.499639,0.518446,1432.245488,25.425936,23.993264,24.042341,31.697827,740.1057
44.604441,0.473514,1381.95877,25.498065,23.913341,24.784513,32.925678,653.2515
40.526596,0.439703,1226.628326,25.530276,23.766371,23.532758,30.412378,538.5769
35.375761,0.437628,1004.712886,25.569272,24.225616,23.681212,30.500466,438.9351
37.39825,0.447607,1075.830883,25.826149,24.113929,23.790873,31.216319,481.9391
47.34722,0.489694,996.054856,25.71432,24.232926,24.770703,32.122826,485.1626
36.813571,0.476763,1372.14185,25.953515,24.051962,23.677891,31.200771,652.3607
42.959787,0.471639,1051.508267,25.785429,23.969418,23.638521,31.060821,496.9743
34.295212,0.418089,1063.396542,25.68678,23.279275,22.575784,30.569452,446.7969
36.120471,0.348673,1021.34644,25.514793,23.724535,23.352344,30.914563,358.4629
35.802919,0.47657,1324.054157,25.327933,24.073046,23.983409,32.124639,632.1984
44.078505,0.492846,1320.499769,25.348506,23.953419,23.049098,30.815763,649.7006
41.587912,0.497988,1352.498258,25.729447,24.292817,23.996678,30.778292,673.3997
43.655264,0.485644,1399.270731,25.618411,23.909923,23.446192,31.613653,680.2429
37.922722,0.42127,1560.851036,25.676411,23.922427,23.97819,31.783161,653.8277
45.452933,0.449404,1148.37268,25.557046,24.250567,23.47124,30.455307,515.9695
35.934777,0.353642,1109.123824,25.600338,23.659886,23.030725,30.309347,392.441
48.890496,0.449593,1499.858063,25.476875,23.72973,23.762742,31.874452,674.1383
45.871412,0.483359,1321.108133,25.548347,23.857605,23.153151,30.351499,636.9588
42.662016,0.438118,1575.615098,25.436252,24.408914,23.985462,31.742511,691.5849
46.637963,0.474559,1451.65837,25.62055,23.93981,22.869552,30.260754,691.1499
33.713575,0.382554,858.212556,25.623252,23.632606,23.989479,32.285779,327.2487
36.723384,0.479795,1306.546815,25.79127,24.192397,23.585552,30.548107,625.5538
44.426165,0.502807,1315.326323,25.851451,24.449576,24.316923,31.782619,659.3416
45.810559,0.491358,1332.636057,25.57768,23.63929,23.052748,30.290232,655.0513
48.87675,0.496893,1310.294117,25.708851,24.381071,24.424127,31.623681,652.4209
47.627719,0.480625,1076.281849,25.569898,24.114123,24.662797,32.968802,517.5783
41.78085,0.43145,1573.636209,25.465996,23.596795,22.679019,30.387291,680.127
45.596912,0.452238,1475.472927,25.196893,23.49882,22.972579,30.149611,667.3742
41.290238,0.490662,1329.779232,25.535806,24.309802,23.862122,31.874235,646.9308
34.134188,0.49305,1291.374831,25.848768,24.402833,24.367607,32.222523,634.6407
43.617735,0.484649,1188.776196,25.566282,24.217493,23.860777,31.752605,575.0927
37.321155,0.485071,1367.851153,25.750645,23.978129,24.266804,31.477403,662.8941
32.195349,0.428671,1339.649128,25.492765,24.039556,23.403698,31.442044,574.4993
34.52675,0.489393,1057.389117,25.558851,24.781071,25.209127,33.343681,517.9559
46.523041,0.535588,1332.319549,25.55694,23.955271,24.019951,32.42276,715.1365
36.561546,0.420138,720.845038,25.735876,23.648929,24.175101,31.899819,302.4303
31.470471,0.355673,1757.21144,25.299793,23.259535,22.787344,30.509563,625.0229
36.087842,0.486595,1213.336457,25.524853,23.929947,23.050466,30.919569,591.1686
48.735309,0.563911,1067.567133,25.50692,24.386075,24.657868,32.791962,603.074
40.512217,0.498775,1248.613089,25.720426,24.266412,24.341858,32.07959,620.5822
43.102933,0.446904,1384.96268,25.577046,24.215567,23.77624,31.630307,617.3745
42.567295,0.487629,1449.555182,25.761232,24.103582,23.748716,30.711505,706.1949
34.396846,0.487234,1095.417954,25.670615,24.213376,24.20174,31.827923,535.2902
39.99119,0.484107,1649.283391,25.583977,23.41933,22.802483,30.084507,796.6863
35.496361,0.486459,1319.380121,25.583044,23.913911,23.407569,31.475032,641.6832
43.214818,0.470501,1170.897451,25.620598,23.742851,23.342205,30.970244,550.9732
40.606419,0.463285,1449.812422,25.704894,23.932908,23.671253,31.409886,671.8196
42.16952,0.482912,1209.147851,25.590106,24.008318,24.377881,31.81933,582.3951
42.121209,0.478519,1365.499831,25.635487,23.801034,22.995277,30.032834,653.1662
36.547219,0.477694,1652.144856,25.66932,24.062926,23.285703,30.752826,790.0426
49.007343,0.466551,1302.786864,25.679191,24.353508,24.056039,31.511176,607.2419
44.857556,0.475755,1214.209776,25.589385,24.394971,24.072611,31.076284,576.6
39.010302,0.446191,1545.330143,25.21353,23.548684,22.867376,30.650355,689.9658
38.319184,0.455783,1408.847312,25.621279,23.844283,23.593305,31.016876,642.4901
45.490936,0.506561,1381.249624,25.46626,24.342936,23.715701,30.9306,698.1886
49.256449,0.466542,1383.754071,25.546749,24.017472,23.364394,30.911838,643.8478
38.536275,0.459087,1310.702925,25.614178,24.321828,24.38894,32.083513,603.1103
50.908861,0.490758,1269.224388,25.603242,24.535576,24.454108,31.178939,622.6696
39.487523,0.471495,1246.817192,25.784277,24.739765,25.11401,32.430512,590.1555
36.420212,0.463089,1231.161542,25.23178,23.564275,24.230784,32.304452,571.4719
43.501735,0.506402,891.244071,25.658493,24.514504,25.805965,34.268771,453.9437
41.746919,0.474055,1513.495197,25.960524,24.307967,24.281958,31.698878,717.2384
43.402933,0.462404,1143.01268,25.817046,24.400567,24.09624,32.050307,527.8645
39.189692,0.486625,1189.721966,25.717947,23.882785,23.66452,31.865949,576.4373
34.934898,0.437098,983.968104,25.291331,23.990915,23.42528,30.588275,426.0903
46.017837,0.471517,1034.862851,25.619678,24.465923,24.480985,32.468954,484.4806
43.458523,0.489184,1206.98245,25.326457,23.679436,24.170474,33.141899,589.7932
40.786546,0.408138,1025.200038,25.665876,23.658929,22.760101,29.944819,418.0653
34.679059,0.396211,963.845505,25.362441,23.373505,23.648438,31.789103,380.0498
35.157927,0.425151,944.469639,25.723057,23.972201,23.372848,31.011363,400.8056
31.154788,0.487411,1170.893458,25.47322,23.820725,23.389216,31.045548,570.4181
35.085309,0.491411,1313.892133,25.86192,23.841075,23.852868,32.426962,646.894
50.843022,0.490194,1235.120264,26.07685,24.1598,24.455855,32.174188,604.6565
46.265536,0.470454,1081.563789,25.727616,24.57602,24.780325,32.246181,508.4414
44.367626,0.488728,1407.737816,25.732918,24.005473,23.277938,31.351984,688.9122
40.387677,0.465523,1491.303584,25.661987,24.0551,23.78394,30.880814,692.6625
35.654398,0.362101,1309.672054,25.536268,23.960382,23.640042,31.508063,475.1567
41.764736,0.479111,1488.65601,25.741683,23.635409,23.234094,30.413918,713.5909
46.343477,0.435098,1508.13563,25.686939,24.139081,23.749625,31.78205,655.5498
44.335302,0.463191,1403.000143,25.47353,23.838684,23.327376,30.575355,649.9958
43.048559,0.455197,1504.672297,25.849933,24.304276,24.241009,31.466085,685.0854
44.612205,0.487303,1315.616576,25.640107,24.287615,23.657998,30.763466,641.9144
45.491043,0.478831,1236.455883,25.855641,24.156871,24.133872,31.474182,591.432
45.602933,0.438904,1260.09768,25.527046,24.295567,24.33124,32.730307,552.7295
46.166589,0.468668,1371.459925,25.456157,23.768043,24.184153,32.882288,640.8189
49.090936,0.501561,1317.219624,25.71626,24.057936,23.410701,31.3756,659.5436
35.185559,0.398358,1152.991057,25.59268,23.51929,23.327748,30.620232,459.2263
50.733353,0.464393,1372.399125,25.529262,23.847332,23.709187,32.120813,628.3985
40.973041,0.487588,1283.764549,25.70694,24.055271,23.714951,31.33276,625.1515
44.362909,0.504435,1476.926324,25.254384,24.026034,23.183029,31.563003,742.6151
40.941484,0.492395,1064.367061,25.856914,24.431916,24.269415,32.284424,519.0764
39.815776,0.501162,1303.388949,25.34806,23.969219,23.389358,30.637648,653.348
45.018639,0.471375,1342.050515,25.647171,23.939898,23.945476,30.794186,629.8463
36.906118,0.491139,1293.683896,25.825224,23.768127,23.521111,31.213127,635.2804
38.913401,0.454983,1335.399071,25.404764,23.836108,23.624968,30.881066,607.9181
34.960809,0.466179,1248.77831,25.782704,24.365689,24.818326,32.701969,581.25
41.133861,0.484258,1264.214388,25.488242,24.675576,25.044108,33.393939,612.5346
36.088856,0.48446,1305.396983,25.616574,23.933817,23.409606,31.427481,633.8883
33.145212,0.471089,1323.941542,24.94678,23.534275,23.440784,31.889452,624.4419
43.24825,0.529107,1209.695883,25.851149,24.328929,23.800873,31.821319,641.8241
43.495021,0.52084,1175.26389,25.221691,23.844781,23.827565,32.567137,612.3533
37.60589,0.44751,1506.48143,25.260062,23.708141,23.040307,30.22448,672.9264
36.229788,0.469411,1483.783458,25.40322,23.730725,22.969216,30.540548,695.4481
33.866295,0.446217,1364.145309,25.299821,23.664132,24.172023,31.972354,607.1254
28.979788,0.456911,1224.723458,25.41822,23.985725,24.524216,32.410548,558.1981
37.784685,0.457771,1394.901613,25.432033,24.230988,23.553313,31.284471,639.7314
35.707941,0.506835,1126.894294,25.822788,24.057417,24.658301,31.771306,569.6614
39.516476,0.474227,1203.995492,25.609124,23.538447,23.663688,31.737545,570.769
37.460559,0.461358,1361.706057,25.43768,23.77429,22.922748,30.620232,629.8763
39.695752,0.480759,1291.567687,25.657624,24.296398,23.877262,31.159427,620.1645
41.168601,0.468462,1472.640713,25.697704,23.836988,23.46691,31.376913,688.8349
40.271174,0.457852,1470.367471,25.574573,24.109233,23.656782,31.723461,672.3316
40.703505,0.471563,1346.385624,25.343873,23.867526,24.091881,31.707637,634.3363
39.669062,0.453869,1361.775012,25.561501,24.198968,24.21855,31.607728,617.9354
37.52056,0.451489,1620.820319,25.349326,23.948997,23.441463,31.421433,730.7663
46.299912,0.46632,1582.043086,25.632696,24.218283,23.447579,31.315615,735.4046
49.694043,0.460538,1613.907435,25.534637,23.780418,23.677066,30.648875,743.3739
39.388377,0.429937,1309.030964,25.563498,23.768565,23.46697,31.030196,562.0769
41.525221,0.482509,1233.143632,25.530367,24.125438,24.69071,32.279739,596.5685
35.338147,0.466777,1053.556148,25.499014,24.05418,24.27784,31.67022,491.9464
45.191787,0.456208,1184.692924,25.711984,24.521597,23.511687,30.704362,539.5276
44.487842,0.481595,1095.471457,25.684853,24.269947,23.555466,30.624569,526.2036
44.581276,0.465932,1375.901724,25.47369,23.804277,23.395064,30.89664,641.4918
42.225414,0.485893,1489.650631,25.732287,23.977748,23.523912,30.90819,725.1184
38.389367,0.455689,1429.816097,25.799872,23.78096,23.218656,31.103738,651.567
49.023316,0.470457,1308.475674,25.70041,24.176475,24.837463,32.157675,615.1817
47.748371,0.444905,1431.999352,25.570252,24.07438,23.955935,31.568106,636.6538
45.896742,0.479636,1397.528606,25.464162,24.103711,23.617244,31.325067,672.0469
42.525851,0.500781,1286.486575,25.710615,24.039713,24.677183,32.644957,643.8059
45.042087,0.475579,1251.626388,25.500284,24.046257,24.12904,32.077687,596.7392
45.758016,0.487048,1241.796206,25.756132,24.167315,23.889658,31.585267,605.295
47.682331,0.474074,1233.277918,25.427163,23.737427,23.845542,31.709528,585.7227
47.958545,0.486976,1351.057314,25.698568,24.221908,23.88371,31.008745,656.3461
46.96045,0.499448,1213.317764,25.40992,24.176777,23.874094,31.641191,606.6787
43.103392,0.479122,1283.126191,25.576839,24.352931,24.216416,31.632894,615.1914
43.648718,0.479219,1317.628156,25.501727,24.139818,23.273096,30.79445,627.7624
48.893373,0.463001,1388.446282,25.625486,24.394416,23.560129,30.939194,643.9865
43.690609,0.459034,1366.132496,25.693908,24.264326,23.783207,30.469195,627.3281
43.332022,0.47337,1380.793139,25.570241,24.27728,23.663853,31.171454,654.2788
40.6948,0.498584,1295.877392,25.422556,23.97258,24.285771,32.881221,649.1457
48.335309,0.482911,1063.947133,25.68692,24.271075,24.277868,32.211962,515.159
35.176959,0.468412,1213.185452,25.86306,24.279729,24.325049,32.98224,566.6585
40.205855,0.473662,1475.286685,25.511367,23.90897,23.284,31.269995,698.8524
34.163456,0.466432,1374.147749,25.609606,24.214013,23.01344,30.121498,640.6601
45.984188,0.47505,1215.984831,25.748768,24.022833,23.302607,30.667523,576.8207
41.562134,0.45499,1448.986068,25.806152,23.91332,23.869244,30.505731,660.1325
44.137944,0.491963,1456.938111,25.788248,24.198377,23.640675,30.735918,716.4414
40.52564,0.495218,1401.200716,25.559119,23.810538,22.827951,30.58128,692.8944
39.710302,0.437191,1490.450143,25.73353,23.803684,23.272376,30.635355,649.5708
45.000811,0.504881,1275.124804,25.688992,24.189071,23.931644,31.710806,642.9183
39.733705,0.467783,1249.554691,25.495179,24.020868,24.567977,32.552646,587.5496
41.707871,0.463635,1419.716577,25.469622,23.914321,23.98523,31.404114,658.92
27.991295,0.408717,1318.185309,25.634821,23.664132,24.327023,32.147354,538.5554
41.443022,0.469694,1225.095264,25.60185,24.0298,23.980855,32.039188,574.5765
37.522081,0.511896,1173.244285,25.397498,24.093607,24.240088,31.86118,599.5163
39.387016,0.478618,1314.375098,25.651252,24.148914,23.415462,30.572511,630.1999
31.325936,0.488673,903.713164,25.504008,24.093089,23.946234,32.198927,437.8053
45.150139,0.493522,1412.101067,25.39741,24.095684,24.734785,32.475315,694.1178
36.260309,0.468411,944.917133,25.65192,24.436075,24.452868,33.021962,442.504
39.534985,0.506823,1317.915572,25.409823,24.265785,24.086278,31.45639,666.6511
34.453074,0.486228,1321.771738,25.90346,24.161408,24.079386,31.101336,643.0691
39.841655,0.489567,1331.952944,25.635352,24.41633,24.62395,31.717973,650.0432
38.258705,0.474783,1050.284691,25.635179,23.985868,24.907977,32.992646,500.4446
40.511639,0.422111,1098.400269,25.648913,23.386619,23.07515,31.149554,465.8245
32.893734,0.467974,1447.924076,25.401131,23.824915,23.333796,31.015496,677.9521
46.990579,0.493726,1313.988176,25.439108,23.804459,23.371168,30.419454,646.6814
38.280378,0.482735,1130.979483,25.878516,23.839099,23.515988,31.016156,546.3725
37.566295,0.432217,1693.250309,25.359821,23.694132,23.282023,30.927354,731.3604
45.268332,0.489413,1437.589498,25.557258,24.075675,24.336617,32.46181,703.3175
47.627933,0.453404,1624.16268,25.827046,24.085567,23.16624,30.585307,737.9395
46.295786,0.418719,1476.252195,25.522738,23.955627,22.594657,29.890831,616.961
41.307022,0.47637,1322.623139,25.815241,24.47728,23.863853,31.131454,630.5988
40.849504,0.471657,1274.806931,25.680702,24.113221,24.00718,31.328284,600.1704
32.05,0.2235,422.985,25.64,23.77,24.375,31.895,94.85
34.175,0.265,884.745,25.585,23.625,23.675,30.475,230.895
40.89825,0.491107,1275.975883,25.571149,24.353929,24.310873,33.006319,625.8991
48.241889,0.453077,1197.319578,25.795379,24.435027,23.646895,30.500711,543.5405
43.866043,0.512331,1193.955883,25.525641,24.121871,24.293872,32.329182,610.142
34.591295,0.469217,1429.090309,25.494821,23.684132,23.857023,32.267354,664.7604
38.387729,0.476116,1169.120424,25.605947,23.860411,23.585963,31.739455,555.1404
45.468922,0.461623,1527.700342,25.433711,24.138953,24.525056,31.671972,704.7524
40.367269,0.473084,1408.891695,25.275288,23.79883,23.384994,31.18691,668.4304
50.899961,0.490423,1250.949256,25.45645,24.218777,25.281333,33.050489,612.1224
43.887944,0.487463,1358.413111,25.963248,24.053377,23.415675,30.300918,662.8864
40.965936,0.485061,1526.824624,25.71126,24.197936,23.940701,31.0506,740.4936
39.891802,0.413338,1214.060696,25.898769,23.989469,24.606685,32.396484,502.8423
41.262523,0.491495,1428.357192,25.474277,24.384765,24.42901,31.020512,702.4205
40.992198,0.479883,1414.253979,25.347122,23.885734,23.556922,31.409718,679.2389
43.178096,0.490403,1406.956359,25.231628,24.360598,24.700369,32.195668,688.527
42.662523,0.488995,1393.547192,25.289277,24.114765,23.76901,32.235512,682.1505
43.896639,0.477312,1472.602024,25.570948,23.486233,22.83825,30.826927,702.5885
49.658367,0.467248,1536.142857,25.364191,23.367697,21.968046,29.90913,717.7616
41.455967,0.503603,1385.331118,25.5334,24.158565,23.699465,31.494738,695.8423
49.078968,0.488205,1152.149648,25.706812,24.46303,24.103797,31.960904,565.0905
47.008434,0.484528,1481.726733,25.741082,24.143052,23.646396,31.104364,716.9862
48.174176,0.468307,1354.23369,25.694241,24.010658,23.637547,30.974863,632.9576
45.644846,0.500923,1306.872922,25.68043,23.865209,23.844349,31.413916,655.0842
33.933874,0.394572,992.924917,25.210279,23.76388,23.342942,30.045468,391.9625
36.55831,0.486979,1279.002409,25.617465,24.234374,23.199716,30.098198,621.8436
40.415669,0.480699,1295.351807,25.425392,24.008235,24.289341,32.481287,619.8774
35.473041,0.460088,1336.824549,25.65694,23.845271,23.584951,32.49776,616.1065
43.790178,0.485699,1422.318611,25.638496,23.548208,23.440712,30.567895,690.806
45.198938,0.491119,1315.631039,25.557408,23.883998,23.741022,31.596938,646.1396
43.257816,0.456687,1473.742899,25.94978,23.801416,23.626757,30.698683,671.7929
36.917677,0.426162,1420.643133,25.425985,24.040733,23.927617,31.754969,605.9331
43.239224,0.436738,1508.669415,25.481019,24.22891,24.410134,31.293272,657.6579
42.550279,0.428817,1496.163708,25.64483,24.1753,24.088364,31.007046,641.0097
42.041423,0.480219,1315.476608,25.50836,24.193637,23.47571,30.443526,630.8865
37.6,,,28.7,30.4,31.1,26.3,623.0
39.0,0.43,1019.0,28.2,30.6,30.9,26.4,437.0
33.8,,,28.5,30.4,30.9,26.3,628.0
43.3,,,28.3,30.4,31.2,26.5,629.0
40.1,,,28.4,30.4,31.1,26.9,524.0
41.9,0.5,1262.0,28.3,29.9,31.4,27.0,633.0
32.5,,,28.0,30.1,31.0,26.7,627.0
44.1,0.47,971.0,28.5,30.7,31.4,27.1,460.0
34.5,,,28.5,30.5,31.1,27.1,651.0
33.6,0.48,1316.0,28.3,30.4,30.9,26.9,645.0
40.4,,,28.7,30.2,31.1,26.1,631.0
37.9,0.48,1369.0,28.0,30.1,31.4,26.8,653.0
47.9,,,28.7,30.4,31.5,27.0,613.0
40.2,,,28.4,30.6,31.3,26.8,533.0
35.0,,,28.4,30.3,31.2,26.4,588.0
37.1,,,28.8,30.3,31.2,26.3,578.0
44.7,0.47,1544.0,28.1,30.2,31.3,26.5,717.0
46.0,,,28.8,30.4,30.9,26.5,639.0
43.3,,,28.2,29.9,31.0,26.6,671.0
40.4,,,28.3,30.0,31.0,26.3,672.0
42.4,,,28.2,30.2,30.7,25.7,721.0
44.2,,,28.6,30.3,30.7,25.8,778.0
41.3,,,29.2,30.4,30.9,26.4,709.0
45.7,0.47,1681.0,28.4,30.3,30.6,25.7,783.0
49.0,,,28.6,30.4,30.6,26.0,724.0
40.8,0.47,1222.0,28.8,30.5,31.0,26.5,589.0
38.3,,,28.8,30.5,31.4,27.4,517.0
34.2,,,28.9,30.4,31.0,26.4,643.0
35.9,,,29.3,30.2,30.6,26.2,632.0
40.0,,,29.0,30.5,30.7,25.8,592.0
40.1,,,28.9,30.1,31.3,26.9,584.0
42.5,,,28.6,30.5,31.6,27.0,654.0
43.5,,,28.9,30.7,31.4,26.4,616.0
43.6,,,29.0,30.6,31.0,26.1,632.0
45.7,,,28.7,30.5,30.9,25.8,666.0
39.7,,,29.8,31.1,31.4,26.3,553.0
33.1,,,29.1,30.5,30.8,25.8,638.0
37.7,,,29.7,30.6,30.8,26.9,669.0
38.0,,,28.8,30.8,30.6,27.0,603.0
32.2,,,28.9,30.3,30.9,26.8,606.0
42.0,,,28.6,29.8,31.2,26.4,738.0
44.3,,,29.0,30.3,31.1,26.7,663.0
40.3,,,28.9,30.5,31.0,26.5,723.0
43.8,,,29.5,30.5,31.1,26.3,622.0
37.0,,,29.2,30.5,31.0,25.9,553.0
32.6,,,28.4,30.1,31.1,26.5,628.0
44.0,,,29.0,30.4,30.5,26.1,661.0
40.3,,,29.2,30.6,31.0,26.6,626.0
38.9,0.49,1378.0,28.4,30.2,31.0,26.6,694.0
46.4,0.49,1053.0,30.8,31.1,31.3,27.0,526.0
47.2,,,29.4,30.6,30.7,26.3,679.0
44.1,,,28.7,30.5,30.9,26.8,596.0
45.9,,,30.0,30.8,31.1,26.4,610.0
41.1,,,28.4,30.5,30.9,26.2,617.0
41.2,,,28.1,30.3,30.5,26.1,647.0
41.2,,,27.9,30.2,31.0,26.5,685.0
46.5,,,29.9,30.8,31.2,26.6,671.0
45.7,0.47,1113.0,29.1,30.7,31.2,26.5,515.0
41.8,,,30.0,31.0,31.3,26.4,500.0
37.7,0.49,1310.0,27.7,30.3,30.6,26.2,615.0
42.1,,,28.8,30.1,30.7,26.2,640.0
43.9,,,28.5,30.3,30.7,26.2,683.0
46.9,0.46,1565.0,28.0,30.2,30.5,26.2,707.0
41.5,,,28.4,30.3,31.0,26.4,750.0
46.9,,,28.0,30.3,30.5,26.1,675.0
48.2,0.45,1665.0,28.2,30.4,30.5,25.8,731.0
43.0,,,28.5,30.0,30.5,26.1,710.0
42.6,,,28.6,30.5,30.6,26.1,726.0
43.2,,,28.4,30.0,30.8,26.1,811.0
42.2,,,28.3,30.0,30.9,26.1,804.0
43.0,,,28.3,30.5,30.6,24.7,748.0
41.1,,,28.7,30.4,30.8,25.1,633.0
45.3,,,28.4,30.4,30.9,24.8,665.0
32.3,,,29.4,30.4,31.3,25.5,622.0
49.6,,,28.9,30.7,31.2,27.3,682.0
44.5,,,29.1,30.4,30.6,26.6,656.0
46.6,,,28.9,30.5,31.0,27.2,720.0
46.6,,,29.0,30.5,30.8,27.1,714.0
41.5,,,29.6,30.7,31.2,27.0,663.0
48.3,,,28.7,30.6,31.1,27.2,713.0
47.5,,,28.5,30.2,31.1,26.1,637.0
44.8,0.5,1480.0,28.0,29.8,31.2,26.4,735.0
43.7,,,30.5,30.9,31.0,26.7,602.0
49.6,0.5,1413.0,28.2,30.1,30.7,26.2,723.0
42.8,,,28.6,30.0,30.8,26.4,693.0
52.5,,,28.7,30.6,30.6,25.9,700.0
40.2,,,28.1,30.1,31.3,26.1,598.0
48.4,,,28.9,30.7,31.3,26.9,532.0
46.7,,,28.6,30.3,31.7,27.6,586.0
50.2,0.45,1595.0,28.2,30.4,31.2,26.4,704.0
42.0,,,28.7,30.4,31.1,26.5,637.0
33.7,0.46,1324.0,27.9,30.2,30.6,26.3,612.0
36.6,,,28.1,30.4,30.8,26.0,583.0
44.2,,,28.4,30.0,31.0,26.3,605.0
35.0,0.48,914.0,28.4,30.7,31.0,26.5,446.0
41.6,0.46,1544.0,28.5,30.3,30.8,26.1,709.0
34.9,,,28.3,30.3,30.8,26.1,603.0
37.8,,,29.2,30.7,31.0,26.3,633.0
43.7,,,30.3,31.4,31.1,26.7,639.0
39.7,0.51,1403.0,29.5,30.8,30.9,26.1,726.0
34.6,0.46,1112.0,29.0,30.9,31.1,26.5,478.0
50.5,0.47,1467.0,28.5,30.7,30.9,26.4,679.0
41.8,,,28.2,30.4,30.5,26.3,721.0
40.3,,,29.0,30.6,30.7,26.5,592.0
38.2,,,28.6,30.4,30.7,26.5,766.0
32.1,,,28.8,30.8,31.1,26.8,533.0
36.9,0.45,1063.0,29.0,30.9,31.0,26.9,470.0
33.8,0.39,1652.0,29.3,30.5,30.9,26.5,625.0
37.3,0.47,1490.0,28.6,30.3,30.3,25.6,681.0
42.3,0.5,1410.0,28.7,30.5,30.4,25.7,670.0
42.2,0.45,1432.0,28.5,30.4,30.3,24.8,623.0
33.6,,,28.8,30.6,31.1,26.6,611.0
44.7,0.51,1362.0,28.9,30.4,31.1,26.4,688.0
37.5,,,28.2,30.1,31.0,26.3,638.0
45.2,,,28.2,30.2,30.8,26.2,714.0
34.5,,,29.5,31.0,30.9,26.7,548.0
39.7,,,28.1,30.3,30.7,26.5,654.0
37.3,,,28.7,30.3,30.9,25.9,659.0
37.9,,,28.0,30.2,30.9,26.3,700.0
35.0,,,28.2,30.0,30.8,26.3,709.0
38.4,,,28.9,30.7,30.8,26.3,728.0
37.8,0.5,1270.0,28.4,30.5,30.9,26.4,632.0
38.0,,,28.1,30.7,30.6,26.4,667.0
41.9,,,29.4,30.8,30.9,26.2,603.0
40.2,,,28.6,30.6,30.6,25.9,780.0
42.9,,,29.0,30.3,30.7,26.2,602.0
41.0,,,28.6,30.2,30.8,26.1,687.0
42.7,,,29.3,30.5,30.5,25.9,639.0
44.1,,,29.2,30.5,30.8,26.3,703.0
38.5,,,28.9,29.9,30.7,25.9,666.0
42.1,,,28.8,30.5,30.7,26.2,743.0
49.0,,,28.4,30.0,30.7,25.8,689.0
35.6,0.39,1599.0,28.5,30.5,30.8,25.9,614.0
39.6,0.5,1297.0,28.2,30.1,30.7,25.7,625.0
41.7,,,28.3,30.5,31.0,26.1,661.0
48.8,,,28.3,30.2,30.9,26.1,679.0
38.3,,,28.0,30.3,30.7,25.9,656.0
36.2,,,28.0,30.4,30.8,26.2,654.0
42.5,,,28.1,30.5,30.7,25.5,676.0
40.5,,,28.1,30.4,30.8,25.5,693.0
41.6,,,28.0,30.4,30.6,25.3,657.0
43.4,,,28.7,30.3,30.9,26.1,721.0
38.3,,,28.3,30.2,30.8,25.9,705.0
43.3,,,28.8,30.2,31.0,26.0,722.0
40.4,0.49,1387.0,28.8,30.5,30.7,25.8,673.0
40.7,,,29.0,30.5,30.7,25.7,729.0
41.3,,,28.3,30.5,30.8,25.7,713.0
44.5,0.5,1551.0,27.9,30.0,30.8,25.7,762.0
43.0,,,28.2,30.1,31.0,26.8,765.0
47.7,,,28.4,30.3,31.1,27.1,757.0
41.4,,,28.1,30.0,31.0,25.7,649.0
39.5,,,27.9,30.2,31.1,26.1,749.0
40.2,,,28.6,30.2,31.1,26.2,651.0
42.9,0.48,1357.0,29.0,30.3,31.1,26.1,661.0
43.8,0.5,1487.0,28.2,30.1,30.8,26.0,732.0
38.7,,,28.3,30.5,30.6,26.0,615.0
42.6,0.48,1592.0,27.8,30.3,30.5,26.3,772.0
40.3,,,28.4,30.4,30.2,26.2,657.0
43.0,,,28.4,30.2,30.7,26.0,724.0
43.1,,,28.2,30.1,30.4,25.8,743.0
41.4,0.48,1480.0,28.3,30.5,31.1,26.5,723.0
51.7,0.45,1516.0,28.2,30.6,30.9,26.1,680.0
41.4,,,28.3,30.4,30.9,26.4,692.0
41.6,,,29.2,30.6,30.9,26.3,685.0
40.4,,,29.1,30.4,30.9,26.4,716.0
42.4,0.52,1454.0,29.4,30.4,31.2,26.4,765.0
42.7,,,29.4,30.4,31.1,26.3,715.0
38.6,,,29.1,30.5,30.7,26.3,668.0
34.1,,,28.9,30.6,30.9,26.5,626.0
40.4,,,28.2,30.2,30.8,26.3,784.0
41.3,,,28.2,30.6,30.7,25.8,661.0
41.8,0.48,1373.0,28.1,30.1,30.8,25.9,683.0
40.6,,,28.1,30.3,30.6,26.0,645.0
44.8,,,28.7,30.4,30.6,25.5,671.0
45.9,,,28.6,30.1,30.8,26.2,757.0
43.7,,,28.5,30.3,30.8,26.3,648.0
43.1,,,28.4,30.3,30.9,26.3,720.0
45.4,,,28.1,30.1,30.7,25.6,705.0
40.0,,,28.4,30.4,30.9,26.2,616.0
37.6,0.48,1404.0,28.5,30.3,31.2,26.0,670.0
41.4,,,28.3,30.3,30.5,26.0,694.0
40.7,0.48,1359.0,28.5,30.6,30.9,26.1,662.0
41.3,0.49,1440.0,28.4,30.7,31.2,25.8,715.0
44.7,,,28.2,30.4,30.8,25.6,655.0
49.6,,,28.8,30.6,30.5,25.6,601.0
47.3,,,29.5,30.5,31.3,26.4,685.0
42.5,,,28.5,30.1,31.1,26.4,602.0
41.1,,,29.2,30.7,31.5,27.2,664.0
43.8,0.48,1413.0,29.7,30.7,31.8,27.1,683.0
45.2,0.5,1144.0,29.0,30.3,31.7,27.3,597.0
35.7,,,28.9,30.5,30.9,26.8,765.0
43.1,,,28.5,30.5,30.9,26.6,721.0
41.2,,,29.1,30.6,30.8,26.1,674.0
48.0,,,29.0,30.6,31.0,26.5,697.0
46.1,,,28.3,30.4,30.6,25.8,745.0
39.4,0.5,1374.0,29.0,30.6,31.4,26.6,689.0
41.7,,,28.7,30.5,30.9,26.4,678.0
40.2,,,28.8,30.2,30.7,26.6,659.0
46.4,,,28.9,30.5,31.8,27.1,665.0
47.2,0.53,1178.0,29.5,30.7,31.2,26.8,611.0
42.5,,,28.3,30.7,30.6,26.5,734.0
38.4,,,29.0,30.3,30.6,25.9,645.0
41.5,,,27.8,30.3,30.3,25.8,712.0
41.3,,,28.4,30.1,31.0,26.0,638.0
41.7,,,28.8,30.4,31.1,26.4,659.0
42.4,,,29.0,30.3,31.2,26.8,724.0
41.1,,,29.0,30.2,31.0,26.1,614.0
38.9,,,28.0,30.6,30.3,25.9,683.0
43.0,,,28.1,30.6,30.7,25.8,690.0
37.6,,,28.1,30.2,31.0,25.9,709.0
43.9,,,28.5,30.3,30.6,25.9,790.0
45.0,,,28.8,30.8,31.0,26.3,656.0
45.5,,,29.0,30.4,30.8,26.1,724.0
41.1,,,28.2,30.1,30.8,25.8,758.0
46.7,,,28.8,30.8,30.6,25.9,646.0
40.8,,,28.2,29.9,30.7,25.5,694.0
41.5,,,27.7,29.7,30.9,26.0,799.0
41.8,,,28.7,30.7,30.6,25.8,672.0
42.6,,,28.5,30.2,30.7,25.9,763.0
50.9,,,28.4,30.2,30.7,25.8,699.0
43.8,,,28.3,30.4,30.9,25.7,660.0
51.0,,,27.7,30.3,30.9,25.6,740.0
39.7,,,28.6,30.3,31.3,26.5,651.0
44.7,,,28.2,30.2,31.1,26.3,702.0
44.2,,,28.1,30.1,31.3,26.5,718.0
40.6,,,28.6,30.3,31.0,26.5,686.0
43.2,,,28.9,30.2,31.0,26.4,806.0
43.6,,,28.6,30.4,30.9,26.2,634.0
42.0,,,28.2,30.3,30.9,26.4,770.0
41.1,0.5,1382.0,28.4,30.3,30.7,26.1,699.0
38.8,,,28.8,30.5,31.1,26.3,687.0
42.8,,,28.9,30.5,31.0,26.2,718.0
41.8,,,29.0,30.9,31.3,26.2,619.0
46.1,,,29.2,30.9,31.2,26.3,700.0
42.8,,,28.9,30.3,30.7,26.2,673.0
42.0,,,28.4,30.2,30.5,26.1,683.0
42.8,,,28.8,30.5,30.4,26.3,578.0
40.8,0.49,1438.0,28.9,30.3,30.5,26.1,712.0
37.0,,,28.8,30.3,31.0,26.2,651.0
44.4,,,28.5,30.0,30.9,25.8,683.0
46.0,,,28.1,30.3,30.5,25.7,706.0
41.8,,,28.3,30.2,30.8,25.9,747.0
38.8,,,28.7,30.5,30.7,26.4,599.0
44.1,0.45,1776.0,28.5,30.0,30.9,25.4,774.0
34.4,,,28.8,30.3,30.8,26.1,555.0
52.3,0.45,1424.0,29.0,30.5,31.0,26.4,645.0
45.0,0.47,1314.0,28.3,30.6,30.5,25.9,610.0
37.2,0.49,1304.0,28.5,30.4,30.7,26.4,636.0
39.9,,,28.4,30.3,31.2,26.6,728.0
38.9,,,28.7,30.9,30.8,26.3,544.0
49.2,0.47,1521.0,28.4,30.3,30.9,25.6,742.0
47.7,,,27.9,30.3,30.5,25.9,735.0
42.1,,,28.3,30.3,30.8,26.4,682.0
47.2,0.45,1128.0,28.2,30.2,31.6,27.6,507.0
35.8,,,28.7,30.5,30.8,26.8,596.0
36.6,0.47,1460.0,28.3,30.2,30.7,26.3,690.0
39.6,,,27.9,30.5,30.7,26.3,753.0
37.8,,,29.0,30.4,30.6,26.3,682.0
36.2,,,28.5,30.5,30.6,26.2,699.0
43.2,,,29.1,30.7,30.7,26.5,623.0
47.8,0.49,1410.0,28.5,30.1,30.5,26.0,681.0
50.7,0.49,1445.0,28.3,30.2,30.7,26.1,716.0
40.4,,,28.2,30.3,30.9,26.2,712.0
44.5,,,29.0,30.3,31.1,26.2,713.0
46.1,,,29.6,30.5,31.2,26.1,718.0
42.3,,,28.5,30.4,30.6,26.0,753.0
44.6,0.46,1501.0,28.6,30.2,30.8,26.1,671.0
35.8,,,28.3,30.2,30.7,26.0,753.0
43.1,,,28.6,30.2,30.7,26.0,732.0
33.6,0.49,1251.0,28.8,30.5,31.3,26.6,597.0
41.8,0.49,1410.0,28.6,30.5,30.8,26.4,685.0
37.7,,,28.9,30.5,30.7,26.1,644.0
43.7,,,28.9,30.2,30.5,26.1,692.0
50.3,,,28.7,30.2,30.6,25.9,714.0
46.7,0.4,1558.0,28.9,30.4,31.3,26.1,624.0
52.0,0.48,1406.0,28.6,30.1,31.1,26.1,693.0
39.3,,,27.9,30.1,31.2,26.4,692.0
40.7,,,28.8,30.7,30.5,25.9,649.0
41.2,,,28.7,30.4,30.9,26.1,675.0
41.9,,,28.6,30.2,31.3,26.3,647.0
45.7,,,29.0,30.3,30.9,25.9,647.0
40.6,0.46,1110.0,29.4,30.5,30.8,26.3,504.0
43.0,,,28.7,30.5,30.7,26.1,671.0
47.3,0.5,1234.0,28.7,30.5,31.1,26.3,606.0
46.9,0.47,1530.0,28.5,30.3,30.9,26.1,734.0
43.2,,,28.5,30.3,30.8,25.9,671.0
49.2,0.47,1452.0,28.2,30.3,31.1,26.2,682.0
42.1,0.45,1527.0,28.0,30.2,30.6,26.1,680.0
45.1,,,28.5,30.3,30.5,25.9,673.0
46.8,,,28.7,30.2,30.2,26.0,738.0
39.4,,,28.9,30.6,31.0,25.9,666.0
47.3,0.42,1237.0,28.8,30.1,31.2,26.3,539.0
45.9,,,28.6,30.3,30.8,26.1,713.0
44.5,,,28.6,30.6,30.4,25.8,672.0
43.7,,,27.8,30.0,30.8,25.9,712.0
42.0,,,28.3,29.9,30.3,25.7,703.0
36.9,0.46,1361.0,28.7,30.1,31.1,26.6,647.0
47.2,,,28.4,30.6,30.5,25.9,683.0
46.2,0.47,1096.0,28.9,30.4,31.2,27.0,536.0
42.6,,,29.0,30.8,30.7,26.3,658.0
47.7,,,28.4,30.3,30.7,26.1,689.0
44.4,,,28.5,30.1,30.7,26.4,611.0
43.9,,,28.6,30.4,30.6,26.1,707.0
42.7,,,29.6,30.4,30.7,26.2,651.0
41.9,,,28.8,30.4,30.5,25.8,711.0
47.1,0.46,1367.0,28.7,30.4,30.7,26.0,624.0
47.3,,,28.5,30.1,31.0,26.3,763.0
41.1,,,28.4,30.1,31.5,26.6,612.0
44.6,0.48,1241.0,28.8,30.6,31.2,26.5,592.0
29.7,0.49,969.0,29.7,30.5,31.3,26.4,468.0
43.1,0.46,1684.0,28.2,30.1,30.8,25.9,772.0
52.1,,,29.6,30.5,31.0,26.3,571.0
41.4,,,28.9,30.3,30.8,25.7,730.0
47.3,,,28.0,30.3,30.4,25.6,666.0
40.7,,,28.3,29.9,31.0,26.1,645.0
45.0,,,28.9,30.5,31.2,26.5,494.0
47.4,,,28.8,30.4,30.8,26.2,664.0
42.1,0.46,1506.0,28.2,30.3,30.7,26.3,720.0
50.6,0.49,1147.0,29.0,30.9,31.5,26.7,572.0
32.7,0.49,1128.0,28.7,30.8,30.8,26.5,565.0
49.3,,,28.3,30.6,30.6,25.7,710.0
43.1,,,28.0,30.5,30.5,25.3,747.0
43.1,,,28.2,30.1,31.0,26.2,686.0
45.5,,,28.5,30.0,30.8,26.0,729.0
47.0,0.46,1326.0,28.6,30.3,30.9,26.3,614.0
42.3,0.37,1224.0,28.5,30.3,30.9,25.6,454.0
29.4,0.45,1232.0,27.9,29.8,31.0,25.5,542.0
32.9,0.37,943.0,28.6,30.2,30.9,26.0,360.0
39.3,0.46,1352.0,28.7,30.4,31.1,26.4,617.0
45.1,0.52,1302.0,28.8,30.8,30.8,26.4,684.0
32.6,,,28.8,30.2,30.7,26.2,422.0
42.9,0.45,1590.0,28.4,30.4,30.8,26.5,702.0
41.2,,,29.0,30.7,30.7,26.1,652.0
46.4,,,28.5,30.4,30.6,26.0,672.0
41.6,,,27.8,30.4,31.4,26.4,669.0
27.0,0.47,1222.0,28.8,30.6,30.5,26.6,569.0
29.4,0.37,1213.0,28.6,30.8,31.2,26.4,453.0
32.5,0.45,1082.0,29.9,31.0,31.5,26.7,491.0
45.4,,,28.8,30.6,30.6,25.9,719.0
43.4,,,28.3,30.2,30.6,25.6,714.0
40.7,0.5,1180.0,31.0,31.3,31.3,26.5,599.0
44.7,,,29.7,30.8,30.8,25.9,714.0
30.7,0.48,1230.0,28.6,30.8,30.8,26.1,586.0
34.7,0.49,1321.0,28.3,30.5,30.8,26.4,646.0
38.4,,,28.8,30.7,30.8,26.3,639.0
35.8,,,29.0,30.5,31.1,26.0,686.0
44.3,0.47,1293.0,28.6,30.6,30.8,26.0,614.0
46.0,0.49,1354.0,28.3,30.4,30.7,26.2,674.0
38.2,0.5,1148.0,28.5,31.0,31.0,27.1,564.0
33.6,,,28.3,30.5,30.6,26.0,658.0
36.6,0.44,1446.0,28.4,30.5,30.7,26.2,645.0
39.5,,,28.3,30.2,30.7,26.2,581.0
35.0,0.44,1562.0,28.1,30.4,30.7,26.0,692.0
43.3,,,29.1,30.4,30.6,26.2,721.0
32.6,0.42,1150.0,29.8,30.8,30.8,26.1,498.0
44.1,,,28.6,30.0,31.0,25.8,778.0
36.0,,,28.7,30.5,30.7,25.9,540.0
41.0,,,30.4,31.0,30.9,26.0,733.0
40.7,0.46,1497.0,28.7,30.3,30.6,26.0,687.0
39.1,,,28.8,30.3,30.7,25.9,637.0
30.1,,,28.7,30.5,30.6,26.1,587.0
38.3,,,28.8,30.4,30.5,25.2,717.0
42.4,0.35,1243.0,29.6,30.5,30.5,25.2,436.0
39.8,,,28.3,30.3,30.6,25.2,653.0
39.5,,,29.5,30.5,30.7,25.4,427.0
37.3,,,29.2,30.9,30.8,26.0,592.0
39.2,,,28.4,30.3,30.6,25.6,650.0
45.2,,,28.2,30.4,30.7,26.0,671.0
35.3,,,28.2,30.3,30.8,25.9,648.0
37.8,,,28.6,30.2,31.2,26.1,716.0
