Climatico,ML,Precicion,MAPE,RMSE,t/h,kg/h,R2
"'HI,BM,CT_UAV_1,YLD']",RF,0.96477001994742,0.03522998005258,34.18609522679950,0.34186095226800,341.86095226799500,0.87866561611403
'HI-BM-CT_UAV_1-YLD',XGB,0.96396341735711,0.03603658264289,34.58921226818060,0.34589212268181,345.89212268180600,0.87578723304228
"'TGW, HI,BM,CT_UAV_1,YLD']",RF,0.96320561647930,0.03679438352070,35.01335255625820,0.35013352556258,350.13352556258200,0.87272230936902
"'HI,BM,CT_UAV_2,YLD']",RF,0.96268999364911,0.03731000635089,37.72825740296000,0.37728257402960,377.28257402960000,0.85221907316966
"'HI,BM,CT_UAV_1,CT_UAV_2,YLD']",RF,0.96260084834918,0.03739915165082,37.93951789057100,0.37939517890571,379.39517890571000,0.85055943224113
'HI-BM-CT_UAV_2-YLD',XGB,0.96259205708049,0.03740794291951,37.71634502499570,0.37716345024996,377.16345024995700,0.85231237959080
"'HI,BM,CT_UAV_1,CT_UAV_3,YLD']",RF,0.96249816283612,0.03750183716388,36.40810815162780,0.36408108151628,364.08108151627800,0.86238013790766
"'TGW,HI,BM,CT_UAV_1,CT_UAV_3,YLD']",RF,0.96214469352886,0.03785530647114,34.98472850142710,0.34984728501427,349.84728501427100,0.87293032797545
Diario,RF,0.96190000000000,0.03810000000000,35.72140000000000,0.35721400000000,357.21400000000000,0.86750000000000
Mensual,RF,0.96190000000000,0.03810000000000,35.81910000000000,0.35819100000000,358.19100000000000,0.86680000000000
Correlación,RF-1000 arboles,0.96190000000000,0.03810000000000,35.78310000000000,0.35783100000000,357.83100000000000,0.86710000000000
Semanal,RF,0.96180000000000,0.03820000000000,35.72180000000000,0.35721800000000,357.21800000000000,0.86750000000000
Quincenal,RF,0.96180000000000,0.03820000000000,35.83300000000000,0.35833000000000,358.33000000000000,0.86670000000000
'HIBMCT_UAV_1CT_UAV_2CT_UAV_3YLD'],RF,0.96149921294852,0.03850078705148,37.50224564104840,0.37502245641048,375.02245641048400,0.85398433812642
'TGWHIBMCT_UAV_1CT_UAV_4YLD'],RF,0.96130328820496,0.03869671179504,37.57082290359950,0.37570822903600,375.70822903599500,0.85344983628488
'HIBMYLD'],RF,0.96128989737258,0.03871010262743,39.77818222744270,0.39778182227443,397.78182227442700,0.83572375809733
'TGW-HI-BM-CT_UAV_1-CT_UAV_2-CT_UAV_3-YLD',XGB,0.96110540392921,0.03889459607079,35.70187956214150,0.35701879562142,357.01879562141500,0.86766733633098
'TGWHIBMCT_UAV_1CT_UAV_2CT_UAV_3YLD'],RF,0.96109171459304,0.03890828540696,35.51000075252730,0.35510000752527,355.10000752527300,0.86908595072426
'TGWHIBMCT_UAV_1CT_UAV_2YLD'],RF,0.96106561282806,0.03893438717194,37.05407391988200,0.37054073919882,370.54073919882000,0.85745341404422
'TGWHIBMCT_UAV_1CT_UAV_3CT_UAV_4YLD'],RF,0.96081637255231,0.03918362744769,37.11984662357710,0.37119846623577,371.19846623577100,0.85694691127694
'HIBMCT_UAV_4YLD'],RF,0.96068160612295,0.03931839387705,40.63592993894810,0.40635929938948,406.35929938948100,0.82856270766137
'HIBMCT_UAV_1CT_UAV_3CT_UAV_4YLD'],RF,0.96059573026835,0.03940426973165,41.01900198415490,0.41019001984155,410.19001984154900,0.82531521801919
'TGWHIBMCT_UAV_3YLD'],RF,0.96057430386295,0.03942569613705,37.02588043795350,0.37025880437954,370.25880437953500,0.85767025150567
'TGWHIBMCT_UAV_1CT_UAV_2CT_UAV_4YLD'],RF,0.96050897225115,0.03949102774885,38.09609789890210,0.38096097898902,380.96097898902100,0.84932337588422
'HI-BM-CT_UAV_1-CT_UAV_2-YLD',XGB,0.96036386829331,0.03963613170669,42.07267848272480,0.42072678482725,420.72678482724800,0.81622551426866
'TGW-HI-BM-CT_UAV_1-CT_UAV_3-CT_UAV_4-YLD',XGB,0.96035610109155,0.03964389890845,38.00701798271870,0.38007017982719,380.07017982718700,0.85002720484222
'TGWHIBMCT_UAV_2CT_UAV_4YLD'],RF,0.96034427425377,0.03965572574623,39.50559809578520,0.39505598095785,395.05598095785200,0.83796748405678
'HIBMCT_UAV_3CT_UAV_4YLD'],RF,0.96032669369221,0.03967330630779,41.74806495097400,0.41748064950974,417.48064950974000,0.81905041389574
'HIBMCT_UAV_3YLD'],RF,0.96028363863071,0.03971636136929,40.43324592559270,0.40433245925593,404.33245925592700,0.83026863349667
'HI-BM-YLD',XGB,0.96016214405911,0.03983785594089,40.06478878482360,0.40064788784824,400.64788784823600,0.83334796998642
[[['TGWHIBMCT_UAV_1CT_UAV_2CT_UAV_3CT_UAV_4YLD'],RF,0.96015958466346,0.03984041533654,37.24790980226830,0.37247909802268,372.47909802268300,0.85595814453499
'HI-BM-CT_UAV_1-CT_UAV_2-CT_UAV_3-YLD',XGB,0.95866481361950,0.04133518638050,39.72189298023850,0.39721892980239,397.21892980238500,0.83618835667211
'TGW-HI-BM-CT_UAV_1-CT_UAV_2-YLD',XGB,0.95862094939403,0.04137905060597,39.29498923216500,0.39294989232165,392.94989232165000,0.83969050673016
'TGW-HI-BM-CT_UAV_2-CT_UAV_3-YLD',XGB,0.95855413900366,0.04144586099634,39.83781060709940,0.39837810607099,398.37810607099400,0.83523088147867
"Correlación 
",SVR-Lineal,0.95830000000000,0.04170000000000,40.66860000000000,0.40668600000000,406.68600000000000,0.82830000000000
'HI-BM-YLD',SVR,0.95823708185670,0.04176291814330,47.28664748618790,0.47286647486188,472.86647486187900,0.76785360580117
'TGW-HI-BM-CT_UAV_1-YLD',XGB,0.95819070344758,0.04180929655242,37.07964682736460,0.37079646827365,370.79646827364600,0.85725658880029
'HI-BM-CT_UAV_4-YLD',XGB,0.95795940402387,0.04204059597614,41.61086977122650,0.41610869771227,416.10869771226500,0.82023775609173
'TGW-HI-BM-YLD',SVR,0.95795291677061,0.04204708322940,46.15734156531570,0.46157341565316,461.57341565315700,0.77880950097115
'TGW-HI-BM-CT_UAV_3-CT_UAV_4-YLD',XGB,0.95773925077892,0.04226074922108,40.21898910212590,0.40218989102126,402.18989102125900,0.83206268936009
Diario,XGB,0.95740000000000,0.04260000000000,40.96590000000000,0.40965900000000,409.65900000000000,0.82580000000000
Semanal,XGB,0.95740000000000,0.04260000000000,40.96590000000000,0.40965900000000,409.65900000000000,0.82580000000000
Quincenal,XGB,0.95740000000000,0.04260000000000,40.96590000000000,0.40965900000000,409.65900000000000,0.82580000000000
Mensual,XGB,0.95740000000000,0.04260000000000,40.96590000000000,0.40965900000000,409.65900000000000,0.82580000000000
"Correlación 
",XGB-,0.95740000000000,0.04260000000000,40.96590000000000,0.40965900000000,409.65900000000000,0.82580000000000
'TGW-HI-BM-CT_UAV_1-CT_UAV_3-YLD',XGB,0.95716221575370,0.04283778424630,39.76264081368390,0.39762640813684,397.62640813683900,0.83585209912025
'HI-BM-CT_UAV_4-YLD',SVR,0.95705707742990,0.04294292257010,42.85722493773310,0.42857224937733,428.57224937733100,0.80930777502536
'HI-BM-CT_UAV_3-YLD',XGB,0.95682145815183,0.04317854184817,41.38228873391180,0.41382288733912,413.82288733911800,0.82220730779188
'HI-BM-CT_UAV_1-CT_UAV_3-CT_UAV_4-YLD',SVR,0.95678480150944,0.04321519849056,42.98437167762120,0.42984371677621,429.84371677621200,0.80817462370555
'HI-BM-CT_UAV_3-CT_UAV_4-YLD',SVR,0.95675104201409,0.04324895798591,43.00618652517590,0.43006186525176,430.06186525175900,0.80797986905198
'TGW-HI-BM-CT_UAV_4-YLD',SVR,0.95653695260465,0.04346304739535,42.43936862354360,0.42439368623544,424.39368623543600,0.81300813137808
'HI-BM-CT_UAV_1-CT_UAV_2-CT_UAV_3-CT_UAV_4-YLD',SVR,0.95651813657709,0.04348186342291,43.01395530952520,0.43013955309525,430.13955309525200,0.80791048844202
'HI-BM-CT_UAV_2-CT_UAV_3-CT_UAV_4-YLD',SVR,0.95648696330920,0.04351303669080,43.13196420933090,0.43131964209331,431.31964209330900,0.80685504645852
'HI-BM-CT_UAV_1-YLD',SVR,0.95644337975073,0.04355662024927,44.28164274420050,0.44281642744201,442.81642744200500,0.79642129812894
'HI-BM-CT_UAV_1-CT_UAV_2-CT_UAV_4-YLD',SVR,0.95640080424267,0.04359919575733,43.20221163493610,0.43202211634936,432.02211634936100,0.80622539813158
'HI-BM-CT_UAV_2-CT_UAV_4-YLD',SVR,0.95639534402502,0.04360465597498,43.18567069121380,0.43185670691214,431.85670691213800,0.80637375170278
'HI-BM-CT_UAV_1-CT_UAV_4-YLD',SVR,0.95629806361655,0.04370193638345,43.37800572858890,0.43378005728589,433.78005728588900,0.80464521346077
'TGW-HI-BM-YLD',XGB,0.95626242222838,0.04373757777162,40.22618822200220,0.40226188222002,402.26188222002200,0.83200256308330
'TGW-HI-BM-CT_UAV_1-CT_UAV_4-YLD',SVR,0.95611535925672,0.04388464074328,42.99281564544320,0.42992815645443,429.92815645443200,0.80809925089736
'TGW-HI-BM-CT_UAV_1-YLD',SVR,0.95607287807849,0.04392712192151,43.85819652295710,0.43858196522957,438.58196522957100,0.80029615271369
'TGW-HI-BM-CT_UAV_2-CT_UAV_4-YLD',SVR,0.95601719887100,0.04398280112900,42.87105171369570,0.42871051713696,428.71051713695700,0.80918471134117
'TGW-HI-BM-CT_UAV_1-CT_UAV_2-CT_UAV_4-YLD',SVR,0.95601113113910,0.04398886886090,42.87494867603270,0.42874948676033,428.74948676032700,0.80915001968981
'TGW-HI-BM-CT_UAV_3-CT_UAV_4-YLD',SVR,0.95597154645623,0.04402845354377,42.70009893014400,0.42700098930144,427.00098930144000,0.81070346886208
'TGW-HI-BM-CT_UAV_1-CT_UAV_3-CT_UAV_4-YLD',SVR,0.95596814081723,0.04403185918277,42.70923031991160,0.42709230319912,427.09230319911600,0.81062249831286
'HI-BM-CT_UAV_2-CT_UAV_3-YLD',XGB,0.95576311275486,0.04423688724514,43.21072667090320,0.43210726670903,432.10726670903200,0.80614900573189
'TGW-HI-BM-CT_UAV_1-CT_UAV_2-CT_UAV_3-CT_UAV_4-YLD',SVR,0.95574320144846,0.04425679855154,42.79064926273270,0.42790649262733,427.90649262732700,0.80989976869083
'HI-BM-CT_UAV_2-YLD',SVR,0.95574224243796,0.04425775756204,43.52640637634120,0.43526406376341,435.26406376341200,0.80330626914553
'TGW-HI-BM-CT_UAV_2-CT_UAV_3-CT_UAV_4-YLD',XGB,0.95573744472084,0.04426255527916,40.56543384101300,0.40565433841013,405.65433841013000,0.82915701801357
'HI-BM-CT_UAV_1-CT_UAV_3-YLD',SVR,0.95573679189765,0.04426320810235,43.83714715363160,0.43837147153632,438.37147153631600,0.80048779904754
'HI-BM-CT_UAV_1-CT_UAV_3-YLD',XGB,0.95570133461087,0.04429866538913,40.23124937181870,0.40231249371819,402.31249371818700,0.83196028646087
'HI-BM-CT_UAV_1-CT_UAV_2-YLD',SVR,0.95568753402569,0.04431246597431,43.77964739300080,0.43779647393001,437.79647393000800,0.80101084312684
'TGW-HI-BM-CT_UAV_3-YLD',SVR,0.95568598865284,0.04431401134716,42.74190388065700,0.42741903880657,427.41903880657000,0.81033263103581
'HI-BM-CT_UAV_3-YLD',SVR,0.95567896176465,0.04432103823535,43.25216606480390,0.43252166064804,432.52166064803900,0.80577701848644
'TGW-HI-BM-CT_UAV_2-CT_UAV_3-CT_UAV_4-YLD',SVR,0.95559050769398,0.04440949230602,42.91975717796140,0.42919757177961,429.19757177961400,0.80875089756110
'TGW-HI-BM-CT_UAV_1-CT_UAV_3-YLD',SVR,0.95557623468389,0.04442376531611,43.32558861335240,0.43325588613352,433.25588613352400,0.80511705384716
'HI-BM-CT_UAV_1-CT_UAV_2-CT_UAV_3-YLD',SVR,0.95554963798355,0.04445036201645,43.71928674865810,0.43719286748658,437.19286748658100,0.80155917251522
'HI-BM-CT_UAV_2-CT_UAV_3-YLD',SVR,0.95552961653443,0.04447038346557,43.50508623389110,0.43505086233891,435.05086233891100,0.80349891134454
'TGW-HI-BM-CT_UAV_2-YLD',SVR,0.95541784929164,0.04458215070836,43.11016988368850,0.43110169883689,431.10169883688500,0.80705018714280
'TGW-HI-BM-CT_UAV_1-CT_UAV_2-YLD',SVR,0.95540851874514,0.04459148125486,43.29111462186840,0.43291114621868,432.91114621868400,0.80542706556736
'TGW-HI-BM-CT_UAV_1-CT_UAV_2-CT_UAV_3-YLD',SVR,0.95529430551427,0.04470569448573,43.22069170909500,0.43220691709095,432.20691709095000,0.80605958555993
'TGW-HI-BM-CT_UAV_1-CT_UAV_2-CT_UAV_3-CT_UAV_4-YLD',XGB,0.95527116035996,0.04472883964004,39.85257521189890,0.39852575211899,398.52575211898900,0.83510872608450
'TGW-HI-BM-CT_UAV_2-CT_UAV_3-YLD',SVR,0.95521531449409,0.04478468550591,43.07669662549890,0.43076696625499,430.76696625498800,0.80734970586335
'HI-BM-CT_UAV_1-CT_UAV_3-CT_UAV_4-YLD',XGB,0.95489698566295,0.04510301433705,44.78117391926720,0.44781173919267,447.81173919267200,0.79180234116209
'TGW-HI-BM-CT_UAV_3-YLD',XGB,0.95441643694646,0.04558356305354,40.69348648618630,0.40693486486186,406.93486486186300,0.82807671771816
'HI-BM-CT_UAV_1-CT_UAV_2-CT_UAV_3-CT_UAV_4-YLD',XGB,0.95411884483943,0.04588115516057,45.53477756046200,0.45534777560462,455.34777560462000,0.78473603674596
'HI-BM-CT_UAV_2-CT_UAV_3-CT_UAV_4-YLD',XGB,0.95375645708037,0.04624354291963,45.07007970906060,0.45070079709061,450.70079709060600,0.78910730076505
'TGW-HI-BM-CT_UAV_4-YLD',XGB,0.95358943987719,0.04641056012281,41.73985137086610,0.41739851370866,417.39851370866100,0.81912160750530
'HI-BM-CT_UAV_1-CT_UAV_4-YLD',XGB,0.95355154771310,0.04644845228690,46.90326843713110,0.46903268437131,469.03268437131100,0.77160262511843
'TGW-HI-BM-CT_UAV_1-CT_UAV_2-CT_UAV_4-YLD',XGB,0.95351328060563,0.04648671939437,41.75751721282860,0.41757517212829,417.57517212828600,0.81896846631335
'HI-BM-CT_UAV_3-CT_UAV_4-YLD',XGB,0.95306610040833,0.04693389959167,43.75852936448620,0.43758529364486,437.58529364486200,0.80120276998854
'TGW-HI-BM-CT_UAV_2-CT_UAV_4-YLD',XGB,0.95220942125683,0.04779057874317,43.21583959937450,0.43215839599375,432.15839599374500,0.80610312800739
'TGW-HI-BM-CT_UAV_1-CT_UAV_4-YLD',XGB,0.95191548486577,0.04808451513423,43.45167854596340,0.43451678545963,434.51678545963400,0.80398107230542
'TGW-HI-BM-CT_UAV_2-YLD',XGB,0.95191477664694,0.04808522335306,45.56111307273760,0.45561113072738,455.61113072737600,0.78448696443516
'HI-BM-CT_UAV_2-CT_UAV_4-YLD',XGB,0.95140666033859,0.04859333966141,48.89449726576870,0.48894497265769,488.94497265768700,0.75179823628585
'HI-BM-CT_UAV_1-CT_UAV_2-CT_UAV_4-YLD',XGB,0.94956590387778,0.05043409612222,51.39653806515980,0.51396538065160,513.96538065159800,0.72574621675910
'TGW-BM-CT_UAV_1-CT_UAV_2-CT_UAV_3-YLD',XGB,0.93156702791933,0.06843297208067,51.11151278662820,0.51111512786628,511.11512786628200,0.72877959276768
'BM-CT_UAV_1-YLD',XGB,0.93154095041608,0.06845904958392,52.47522432912300,0.52475224329123,524.75224329123000,0.71411359674275
'TGW-BM-CT_UAV_2-CT_UAV_3-CT_UAV_4-YLD',XGB,0.93127260321421,0.06872739678579,50.89045579115140,0.50890455791151,508.90455791151400,0.73112057280117
PCA,XGB-,0.93020000000000,0.06980000000000,53.77950000000000,0.53779500000000,537.79500000000000,0.69970000000000
'TGW-BM-CT_UAV_1-CT_UAV_2-CT_UAV_3-CT_UAV_4-YLD',XGB,0.92968924528316,0.07031075471684,54.34002243626090,0.54340022436261,543.40022436260900,0.69343362404995
'TGW-BM-CT_UAV_3-CT_UAV_4-YLD',XGB,0.92932626361616,0.07067373638384,52.80989974076290,0.52809899740763,528.09899740762900,0.71045532710482
'BM-CT_UAV_1-CT_UAV_2-YLD',XGB,0.92856710516862,0.07143289483138,56.41113941818520,0.56411139418185,564.11139418185200,0.66961932441232
'BM-CT_UAV_1-CT_UAV_2-CT_UAV_3-CT_UAV_4-YLD',XGB,0.92844434974795,0.07155565025205,55.76591258260330,0.55765912582603,557.65912582603300,0.67713384601946
'BM-CT_UAV_1-CT_UAV_3-YLD',XGB,0.92832020075996,0.07167979924004,54.45307944123470,0.54453079441235,544.53079441234700,0.69215664512794
'BM-CT_UAV_3-YLD',XGB,0.92782320282212,0.07217679717788,57.78107355634480,0.57781073556345,577.81073556344800,0.65337801385525
'TGW-BM-CT_UAV_1-CT_UAV_2-YLD',XGB,0.92776250646546,0.07223749353454,54.98026102710620,0.54980261027106,549.80261027106300,0.68616708703279
'TGW-BM-CT_UAV_1-CT_UAV_3-CT_UAV_4-YLD',XGB,0.92752522378935,0.07247477621065,53.85091149009430,0.53850911490094,538.50911490094300,0.69892755434789
'BM-CT_UAV_1-CT_UAV_2-CT_UAV_3-YLD',XGB,0.92725811955809,0.07274188044191,54.86417280681890,0.54864172806819,548.64172806818800,0.68749097459209
'TGW-BM-CT_UAV_1-CT_UAV_2-CT_UAV_4-YLD',XGB,0.92699831328616,0.07300168671384,56.06177921540340,0.56061779215403,560.61779215403400,0.67369881832297
'TGW-BM-CT_UAV_3-YLD',XGB,0.92654897918012,0.07345102081988,54.27141776904920,0.54271417769049,542.71417769049200,0.69420721989353
'TGW-BM-CT_UAV_2-CT_UAV_4-YLD',XGB,0.92652655444959,0.07347344555041,55.07002018420540,0.55070020184205,550.70020184205400,0.68514154181128
'TGW-BM-CT_UAV_1-CT_UAV_4-YLD',XGB,0.92634047764569,0.07365952235431,55.76304342983740,0.55763043429837,557.63043429837400,0.67716706805225
'TGW-BM-CT_UAV_3-YLD',SVR,0.92590766409435,0.07409233590565,57.04707278796180,0.57047072787962,570.47072787961800,0.66212845124655
'TGW-BM-CT_UAV_1-CT_UAV_3-YLD',SVR,0.92571467929820,0.07428532070180,57.25990392493520,0.57259903924935,572.59903924935200,0.65960268708580
'TGW-BM-CT_UAV_2-CT_UAV_3-YLD',XGB,0.92541582144449,0.07458417855551,54.62793634371620,0.54627936343716,546.27936343716200,0.69017640960278
'TGW-BM-CT_UAV_1-CT_UAV_2-CT_UAV_3-YLD',SVR,0.92539248763155,0.07460751236845,57.37578115545550,0.57375781155456,573.75781155455500,0.65822356462738
'BM-CT_UAV_3-CT_UAV_4-YLD',XGB,0.92538877456505,0.07461122543495,58.34510911580850,0.58345109115809,583.45109115808500,0.64657781632755
'BM-CT_UAV_1-CT_UAV_2-CT_UAV_4-YLD',XGB,0.92522803667185,0.07477196332815,61.20374766931050,0.61203747669311,612.03747669310500,0.61109732974481
'TGW-BM-CT_UAV_2-CT_UAV_3-YLD',SVR,0.92522126167863,0.07477873832137,57.50711900355080,0.57507119003551,575.07119003550800,0.65665706541803
'TGW-BM-CT_UAV_2-YLD',SVR,0.92499656148072,0.07500343851928,57.70202641668760,0.57702026416688,577.02026416687600,0.65432575445597
'TGW-BM-CT_UAV_1-CT_UAV_2-YLD',SVR,0.92494318594297,0.07505681405704,57.74044718980690,0.57740447189807,577.40447189806900,0.65386526825910
'TGW-BM-CT_UAV_1-CT_UAV_3-YLD',XGB,0.92460762544396,0.07539237455604,55.07755314000430,0.55077553140004,550.77553140004300,0.68505539776923
'TGW-BM-CT_UAV_1-CT_UAV_2-CT_UAV_3-CT_UAV_4-YLD',SVR,0.92453824237243,0.07546175762757,57.78640373724010,0.57786403737240,577.86403737240100,0.65331406062658
'TGW-BM-CT_UAV_1-YLD',XGB,0.92442666473092,0.07557333526908,53.88280603248100,0.53882806032481,538.82806032481000,0.69857081343883
'TGW-BM-CT_UAV_2-CT_UAV_3-CT_UAV_4-YLD',SVR,0.92427640012535,0.07572359987465,57.98972652010870,0.57989726520109,579.89726520108700,0.65087012384384
'TGW-BM-CT_UAV_3-CT_UAV_4-YLD',SVR,0.92395190801996,0.07604809198004,58.16107365151610,0.58161073651516,581.61073651516100,0.64880386874970
'BM-CT_UAV_2-CT_UAV_3-CT_UAV_4-YLD',XGB,0.92393374454264,0.07606625545736,58.26920928993180,0.58269209289932,582.69209289931900,0.64749673600388
'TGW-BM-CT_UAV_1-CT_UAV_3-CT_UAV_4-YLD',SVR,0.92391775650369,0.07608224349631,58.18474585535720,0.58184745855357,581.84745855357100,0.64851792910842
'TGW-BM-CT_UAV_1-CT_UAV_2-CT_UAV_4-YLD',SVR,0.92384050225160,0.07615949774840,58.32577936517470,0.58325779365175,583.25779365174700,0.64681195526852
'TGW-BM-CT_UAV_2-CT_UAV_4-YLD',SVR,0.92380723270548,0.07619276729452,58.35333188552690,0.58353331885527,583.53331885526900,0.64647819138700
PCA,RF-1000 arboles,0.92380000000000,0.07620000000000,58.58730000000000,0.58587300000000,585.87300000000000,0.64360000000000
'TGW-BM-CT_UAV_2-YLD',XGB,0.92377422991401,0.07622577008599,57.63559732281330,0.57635597322813,576.35597322813300,0.65512120690115
'TGW-BM-YLD',SVR,0.92375779531397,0.07624220468603,59.12145148172850,0.59121451481729,591.21451481728500,0.63710994313123
'TGW-BM-CT_UAV_4-YLD',XGB,0.92343145417124,0.07656854582876,55.85742969831450,0.55857429698315,558.57429698314500,0.67607326893399
'BM-CT_UAV_2-YLD',XGB,0.92330939994637,0.07669060005363,57.67752549161880,0.57677525491619,576.77525491618800,0.65461924642588
'BM-CT_UAV_1-CT_UAV_4-YLD',XGB,0.92316397415184,0.07683602584816,62.35471824246810,0.62354718242468,623.54718242468100,0.59633273194826
'TGW-BM-CT_UAV_1-YLD',SVR,0.92309389201838,0.07690610798162,58.96104767207570,0.58961047672076,589.61047672075700,0.63907640309163
'BM-CT_UAV_1-CT_UAV_3-CT_UAV_4-YLD',XGB,0.92290044214008,0.07709955785992,59.95657456262460,0.59956574562625,599.56574562624600,0.62678549119975
'TGW-BM-CT_UAV_1-CT_UAV_4-YLD',SVR,0.92282401336715,0.07717598663285,59.12844985753220,0.59128449857532,591.28449857532200,0.63702402537237
'BM-YLD',XGB,0.92274702886029,0.07725297113971,58.48674404827970,0.58486744048280,584.86744048279700,0.64485984251935
'TGW-BM-CT_UAV_4-YLD',SVR,0.92267216108440,0.07732783891560,59.16632797161760,0.59166327971618,591.66327971617600,0.63655882632808
'TGW-BM-YLD',XGB,0.92193459426556,0.07806540573444,57.02884011809930,0.57028840118099,570.28840118099300,0.66234438926631
'BM-CT_UAV_4-YLD',XGB,0.92135537090115,0.07864462909885,59.19482880009520,0.59194828800095,591.94828800095200,0.63620859775186
'BM-CT_UAV_2-CT_UAV_3-YLD',XGB,0.92073633478109,0.07926366521891,60.18241663578530,0.60182416635785,601.82416635785300,0.62396857630714
'BM-CT_UAV_3-YLD',SVR,0.92018710764081,0.07981289235919,60.94519486866220,0.60945194868662,609.45194868662100,0.61437619712451
'BM-CT_UAV_2-CT_UAV_4-YLD',XGB,0.91989865770074,0.08010134229926,61.21328667721490,0.61213286677215,612.13286677214900,0.61097609420349
'BM-CT_UAV_2-CT_UAV_3-YLD',SVR,0.91927465217470,0.08072534782530,61.45116952741940,0.61451169527419,614.51169527419400,0.60794662344859
'BM-CT_UAV_1-CT_UAV_3-YLD',SVR,0.91927339362001,0.08072660637999,61.56435586205450,0.61564355862054,615.64355862054500,0.60650105448574
Quincenal,SVR,0.91920000000000,0.08080000000000,61.63790000000000,0.61637900000000,616.37900000000000,0.60560000000000
'BM-CT_UAV_1-CT_UAV_2-CT_UAV_3-YLD',SVR,0.91919849556859,0.08080150443141,61.51475483662240,0.61514754836622,615.14754836622400,0.60713486566892
Semanal,SVR,0.91910000000000,0.08090000000000,61.65160000000000,0.61651600000000,616.51600000000000,0.60540000000000
Diario,SVR,0.91910000000000,0.08090000000000,61.65490000000000,0.61654900000000,616.54900000000000,0.60530000000000
'BM-CT_UAV_1-CT_UAV_2-CT_UAV_3-CT_UAV_4-YLD',SVR,0.91906643636937,0.08093356363063,61.64997856574660,0.61649978565747,616.49978565746600,0.60540574949655
'BM-CT_UAV_2-YLD',SVR,0.91904552041695,0.08095447958305,61.62726422283010,0.61627264222830,616.27264222830100,0.60569646485999
'BM-CT_UAV_2-CT_UAV_3-CT_UAV_4-YLD',SVR,0.91897568841558,0.08102431158442,61.72163428400610,0.61721634284006,617.21634284006100,0.60448794329238
'BM-CT_UAV_1-CT_UAV_2-YLD',SVR,0.91894701567884,0.08105298432116,61.77681349423450,0.61776813494234,617.76813494234500,0.60378045074013
'BM-CT_UAV_3-CT_UAV_4-YLD',SVR,0.91893207420309,0.08106792579691,61.78101254777840,0.61781012547778,617.81012547778400,0.60372658575254
'BM-CT_UAV_1-CT_UAV_2-CT_UAV_4-YLD',SVR,0.91890142042036,0.08109857957964,61.95422441139570,0.61954224411396,619.54224411395700,0.60150145302283
'BM-CT_UAV_1-CT_UAV_3-CT_UAV_4-YLD',SVR,0.91885114983608,0.08114885016392,61.87948695971760,0.61879486959718,618.79486959717600,0.60246231734511
'BM-CT_UAV_2-CT_UAV_4-YLD',SVR,0.91883534427363,0.08116465572637,61.95340554082180,0.61953405540822,619.53405540821800,0.60151198714155
'BM-CT_UAV_1-YLD',SVR,0.91863729340602,0.08136270659398,62.57594429047930,0.62575944290479,625.75944290479300,0.59346333787178
'BM-CT_UAV_1-CT_UAV_4-YLD',SVR,0.91793501370641,0.08206498629359,62.76908479616780,0.62769084796168,627.69084796167800,0.59094991609980
Mensual,SVR,0.91770000000000,0.08230000000000,63.18300000000000,0.63183000000000,631.83000000000000,0.58550000000000
PCA,SVR-Lineal,0.91770000000000,0.08230000000000,63.18970000000000,0.63189700000000,631.89700000000000,0.58540000000000
'BM-CT_UAV_4-YLD',SVR,0.91769784483890,0.08230215516110,62.83083080006740,0.62830830800067,628.30830800067400,0.59014475442103
'BM-YLD',SVR,0.91768967404830,0.08231032595170,63.19510800328720,0.63195108003287,631.95108003287200,0.58537850431428
"Correlación 
",SVR-Poli,0.90640000000000,0.09360000000000,68.56160000000000,0.68561600000000,685.61600000000000,0.51200000000000
'TGW-HI-CT_UAV_2-CT_UAV_3-CT_UAV_4-YLD',XGB,0.89477531197269,0.10522468802731,75.65146773786890,0.75651467737869,756.51467737868900,0.40581783784401
'TGW-HI-CT_UAV_1-CT_UAV_3-YLD',XGB,0.89441375032572,0.10558624967429,75.93130948015000,0.75931309480150,759.31309480150000,0.40141383846681
"Correlación 
",SVR-Sigmoide,0.89180000000000,0.10820000000000,78.72870000000000,0.78728700000000,787.28700000000000,0.35650000000000
'TGW-HI-CT_UAV_1-CT_UAV_2-CT_UAV_3-YLD',XGB,0.89167039538580,0.10832960461420,76.16702791461810,0.76167027914618,761.67027914618100,0.39769161101353
'TGW-HI-CT_UAV_2-CT_UAV_4-YLD',XGB,0.89083610166761,0.10916389833239,76.35992014618440,0.76359920146184,763.59920146184400,0.39463706823985
'TGW-HI-CT_UAV_1-CT_UAV_2-CT_UAV_3-CT_UAV_4-YLD',SVR,0.89044304113533,0.10955695886467,76.61003614861930,0.76610036148619,766.10036148619300,0.39066485536667
'TGW-HI-CT_UAV_1-CT_UAV_2-CT_UAV_4-YLD',SVR,0.89041971130881,0.10958028869119,76.62770622465950,0.76627706224660,766.27706224659500,0.39038373710637
'TGW-HI-CT_UAV_1-CT_UAV_4-YLD',XGB,0.89038787848738,0.10961212151262,79.03297745512690,0.79032977455127,790.32977455126900,0.35151254288871
'TGW-HI-CT_UAV_1-CT_UAV_4-YLD',SVR,0.89035306182817,0.10964693817183,76.64609632215070,0.76646096322151,766.46096322150700,0.39009109497137
'TGW-HI-CT_UAV_1-CT_UAV_3-CT_UAV_4-YLD',SVR,0.89032985271936,0.10967014728064,76.65901882946490,0.76659018829465,766.59018829464900,0.38988541674174
'TGW-HI-CT_UAV_1-CT_UAV_3-CT_UAV_4-YLD',XGB,0.89022603670960,0.10977396329040,78.26273200342760,0.78262732003428,782.62732003427600,0.36409110249743
'TGW-HI-CT_UAV_2-CT_UAV_4-YLD',SVR,0.89005272883873,0.10994727116127,76.95772351436300,0.76957723514363,769.57723514363000,0.38512148556915
'TGW-HI-CT_UAV_4-YLD',SVR,0.89002377413259,0.10997622586741,76.99071724818590,0.76990717248186,769.90717248185900,0.38459414442864
'TGW-HI-CT_UAV_3-CT_UAV_4-YLD',SVR,0.88968389428422,0.11031610571578,77.15641670128890,0.77156416701289,771.56416701288900,0.38194234042191
'TGW-HI-CT_UAV_2-CT_UAV_3-CT_UAV_4-YLD',SVR,0.88966179621280,0.11033820378720,77.17369140494800,0.77173691404948,771.73691404948000,0.38166555312176
'TGW-HI-CT_UAV_2-YLD',SVR,0.88942533873779,0.11057466126221,78.06536074947900,0.78065360749479,780.65360749479000,0.36729446304733
'TGW-HI-CT_UAV_1-CT_UAV_2-CT_UAV_3-YLD',SVR,0.88921617225543,0.11078382774458,78.17380153911750,0.78173801539118,781.73801539117500,0.36553545645864
'TGW-HI-CT_UAV_2-CT_UAV_3-YLD',SVR,0.88914309134144,0.11085690865856,78.21394477541810,0.78213944775418,782.13944775418100,0.36488367801013
'TGW-HI-CT_UAV_1-CT_UAV_2-YLD',SVR,0.88910615760929,0.11089384239071,78.24396736264230,0.78243967362642,782.43967362642300,0.36439600295823
'TGW-HI-CT_UAV_1-CT_UAV_2-CT_UAV_3-CT_UAV_4-YLD',XGB,0.88885982229265,0.11114017770735,76.49365902652110,0.76493659026521,764.93659026521100,0.39251471245895
'TGW-HI-CT_UAV_3-YLD',SVR,0.88853207879061,0.11146792120939,78.56895346348770,0.78568953463488,785.68953463487700,0.35910507894278
'TGW-HI-CT_UAV_3-CT_UAV_4-YLD',XGB,0.88848199216620,0.11151800783380,79.30102487699590,0.79301024876996,793.01024876995900,0.34710627682633
PCA,SVR-Poli,0.88840000000000,0.11160000000000,83.64990000000000,0.83649900000000,836.49900000000000,0.27350000000000
PCA,SVR-Sigmoide,0.88820000000000,0.11180000000000,80.38680000000000,0.80386800000000,803.86800000000000,0.32910000000000
PCA,SVR-RBF,0.88810000000000,0.11190000000000,82.73210000000000,0.82732100000000,827.32100000000000,0.28940000000000
'TGW-HI-CT_UAV_4-YLD',XGB,0.88809951210136,0.11190048789865,79.46109925567070,0.79461099255671,794.61099255670700,0.34446779796695
'TGW-HI-CT_UAV_1-CT_UAV_3-YLD',SVR,0.88807940113637,0.11192059886363,78.85201352264370,0.78852013522644,788.52013522643700,0.35447886128397
'TGW-HI-CT_UAV_2-CT_UAV_3-YLD',XGB,0.88780943411931,0.11219056588070,80.06207085161820,0.80062070851618,800.62070851618200,0.33451460071812
'TGW-HI-CT_UAV_1-YLD',XGB,0.88734891712147,0.11265108287853,81.49019139517840,0.81490191395178,814.90191395178400,0.31056144137339
'TGW-HI-CT_UAV_3-YLD',XGB,0.88712832102845,0.11287167897156,81.48763808246040,0.81487638082460,814.87638082460400,0.31060464472416
'HI-CT_UAV_1-CT_UAV_2-CT_UAV_4-YLD',SVR,0.88639967241466,0.11360032758534,80.01537935898870,0.80015379358989,800.15379358988700,0.33529058479346
'HI-CT_UAV_1-CT_UAV_2-CT_UAV_3-CT_UAV_4-YLD',SVR,0.88635995853056,0.11364004146944,80.02354878734330,0.80023548787343,800.23548787343300,0.33515484655915
'TGW-HI-CT_UAV_1-YLD',SVR,0.88633526088449,0.11366473911551,79.93903326736540,0.79939033267365,799.39033267365400,0.33655843494731
'HI-CT_UAV_1-CT_UAV_4-YLD',SVR,0.88616704193236,0.11383295806765,80.14147560419150,0.80141475604192,801.41475604191500,0.33319390273121
'HI-CT_UAV_1-CT_UAV_3-CT_UAV_4-YLD',SVR,0.88616359486963,0.11383640513037,80.15142122535940,0.80151421225359,801.51421225359400,0.33302839012262
'TGW-HI-CT_UAV_1-CT_UAV_2-YLD',XGB,0.88589474885957,0.11410525114043,80.45099148805770,0.80450991488058,804.50991488057700,0.32803338821130
'HI-CT_UAV_3-CT_UAV_4-YLD',SVR,0.88586606434395,0.11413393565605,80.36938255618400,0.80369382556184,803.69382556184000,0.32939597337134
'HI-CT_UAV_2-CT_UAV_3-CT_UAV_4-YLD',SVR,0.88572204956938,0.11427795043062,80.47324058110470,0.80473240581105,804.73240581104700,0.32766166588125
'HI-CT_UAV_4-YLD',SVR,0.88539665515523,0.11460334484477,80.78129914922150,0.80781299149222,807.81299149221500,0.32250427396072
'HI-CT_UAV_2-CT_UAV_4-YLD',SVR,0.88536952374442,0.11463047625559,80.79809372331260,0.80798093723313,807.98093723312600,0.32222253957253
'TGW-HI-CT_UAV_1-CT_UAV_2-CT_UAV_4-YLD',XGB,0.88524361188945,0.11475638811055,78.70667566537100,0.78706675665371,787.06675665371000,0.35685628179499
'HI-CT_UAV_1-CT_UAV_3-YLD',XGB,0.88467392517502,0.11532607482498,83.10678613372450,0.83106786133725,831.06786133724500,0.28293608366717
'HI-CT_UAV_2-CT_UAV_3-YLD',SVR,0.88375273940416,0.11624726059584,81.45771951502760,0.81457719515028,814.57719515027600,0.31111078124977
'TGW-HI-CT_UAV_2-YLD',XGB,0.88368011811484,0.11631988188516,81.43634671726890,0.81436346717269,814.36346717268900,0.31147223400024
'HI-CT_UAV_1-CT_UAV_2-CT_UAV_3-YLD',SVR,0.88357889776306,0.11642110223694,81.56499351512810,0.81564993515128,815.64993515128100,0.30929515068685
'HI-CT_UAV_1-CT_UAV_2-YLD',SVR,0.88355530819576,0.11644469180425,81.57181582951010,0.81571815829510,815.71815829510100,0.30917960104981
'HI-CT_UAV_2-YLD',SVR,0.88341465889439,0.11658534110561,81.65732194544980,0.81657321945450,816.57321945449800,0.30773056310207
'HI-YLD',XGB,0.88247880643592,0.11752119356408,82.07922753102320,0.82079227531023,820.79227531023200,0.30055847192297
'HI-CT_UAV_1-CT_UAV_3-YLD',SVR,0.88242256813831,0.11757743186169,82.22975948266840,0.82229759482668,822.29759482668400,0.29799059086571
'HI-CT_UAV_2-YLD',XGB,0.88212514265369,0.11787485734631,86.19425846507470,0.86194258465075,861.94258465074700,0.22866761022118
'HI-CT_UAV_3-YLD',SVR,0.88204728743944,0.11795271256057,82.42949954666940,0.82429499546669,824.29499546669400,0.29457601918141
'HI-CT_UAV_3-CT_UAV_4-YLD',XGB,0.88163436926226,0.11836563073774,84.34808454477030,0.84348084544770,843.48084544770300,0.26135571414997
'TGW-HI-YLD',SVR,0.88138032864188,0.11861967135812,83.33963595372290,0.83339635953723,833.39635953722900,0.27891229406796
'HI-CT_UAV_2-CT_UAV_4-YLD',XGB,0.88115741375756,0.11884258624244,85.96138187785600,0.85961381877856,859.61381877856000,0.23282989678573
'HI-CT_UAV_1-CT_UAV_2-CT_UAV_3-YLD',XGB,0.88090195495934,0.11909804504067,86.56444143403210,0.86564441434032,865.64441434032100,0.22202802033876
'HI-CT_UAV_2-CT_UAV_3-CT_UAV_4-YLD',XGB,0.88078098616540,0.11921901383460,87.37574878774770,0.87375748787748,873.75748787747700,0.20737691987781
'HI-CT_UAV_1-YLD',SVR,0.88010462615023,0.11989537384978,83.69939457606380,0.83699394576064,836.99394576063800,0.27267330728845
'HI-CT_UAV_2-CT_UAV_3-YLD',XGB,0.87952284716069,0.12047715283931,86.61245733375250,0.86612457333753,866.12457333752500,0.22116472395386
'HI-CT_UAV_3-YLD',XGB,0.87826180491968,0.12173819508032,86.11002567162520,0.86110025671625,861.10025671625200,0.23017443298503
'HI-CT_UAV_1-YLD',XGB,0.87795743704664,0.12204256295336,86.96466871723540,0.86964668717235,869.64668717235400,0.21481754453657
'HI-CT_UAV_1-CT_UAV_2-YLD',XGB,0.87731574536465,0.12268425463535,89.57407407568270,0.89574074075683,895.74074075682700,0.16699127881183
"Correlación 
",SVR-RBF,0.87680000000000,0.12320000000000,90.73930000000000,0.90739300000000,907.39300000000000,0.14520000000000
'TGW-HI-YLD',XGB,0.87601718560458,0.12398281439542,90.06141620764470,0.90061416207645,900.61416207644700,0.15790238570795
'HI-CT_UAV_1-CT_UAV_2-CT_UAV_3-CT_UAV_4-YLD',XGB,0.87509831991263,0.12490168008737,89.12928087943400,0.89129280879434,891.29280879434000,0.17524359262335
'HI-YLD',SVR,0.87447194204453,0.12552805795547,86.57200778678960,0.86572007786790,865.72007786789600,0.22189201373852
'HI-CT_UAV_1-CT_UAV_3-CT_UAV_4-YLD',XGB,0.87413346473513,0.12586653526487,89.59486595145520,0.89594865951455,895.94865951455200,0.16660451904548
'HI-CT_UAV_4-YLD',XGB,0.87385743358570,0.12614256641430,90.21610373399500,0.90216103733995,902.16103733995000,0.15500716442509
'TGW-CT_UAV_1-CT_UAV_2-CT_UAV_3-CT_UAV_4-YLD',SVR,0.87295798357402,0.12704201642598,91.34924060150940,0.91349240601509,913.49240601509400,0.13364721497106
'TGW-CT_UAV_1-CT_UAV_3-CT_UAV_4-YLD',SVR,0.87291200735287,0.12708799264713,91.42113542001920,0.91421135420019,914.21135420019200,0.13228298278925
'TGW-CT_UAV_1-CT_UAV_2-CT_UAV_4-YLD',SVR,0.87285077475584,0.12714922524417,91.42153976179250,0.91421539761793,914.21539761792500,0.13227530721157
'TGW-CT_UAV_1-CT_UAV_4-YLD',SVR,0.87270740280901,0.12729259719099,91.59490450145860,0.91594904501459,915.94904501458600,0.12898121480212
'TGW-CT_UAV_3-YLD',SVR,0.87255986984375,0.12744013015625,91.09814202679350,0.91098142026794,910.98142026793500,0.13840348801341
'TGW-CT_UAV_1-CT_UAV_2-CT_UAV_3-YLD',SVR,0.87237797712296,0.12762202287704,91.16254280173730,0.91162542801737,911.62542801737300,0.13718486609770
'TGW-CT_UAV_2-YLD',SVR,0.87237526774462,0.12762473225538,91.20957138183200,0.91209571381832,912.09571381832000,0.13629442500798
'TGW-CT_UAV_1-CT_UAV_2-YLD',SVR,0.87235396954127,0.12764603045873,91.22321433968800,0.91223214339688,912.23214339688000,0.13603602274037
'TGW-CT_UAV_2-CT_UAV_3-YLD',SVR,0.87234528490010,0.12765471509990,91.18708687028850,0.91187086870289,911.87086870288500,0.13672020497862
'TGW-CT_UAV_4-YLD',SVR,0.87192271304296,0.12807728695704,91.99673262738130,0.91996732627381,919.96732627381300,0.12132210810582
'TGW-CT_UAV_3-CT_UAV_4-YLD',SVR,0.87191538886660,0.12808461113340,92.02475070460130,0.92024750704601,920.24750704601300,0.12078681487911
'TGW-CT_UAV_2-CT_UAV_4-YLD',SVR,0.87190912535801,0.12809087464199,91.97025355751230,0.91970253557512,919.70253557512300,0.12182784834817
'TGW-CT_UAV_2-CT_UAV_3-CT_UAV_4-YLD',SVR,0.87186750959560,0.12813249040440,92.02529783906790,0.92025297839068,920.25297839067900,0.12077636009899
'TGW-CT_UAV_1-CT_UAV_3-YLD',SVR,0.87178140959598,0.12821859040402,91.55719785808990,0.91557197858090,915.57197858089900,0.12969820740432
'TGW-CT_UAV_1-YLD',SVR,0.87088408298198,0.12911591701802,92.39193251482230,0.92391932514822,923.91932514822300,0.11375663789331
'TGW-YLD',SVR,0.86956246323083,0.13043753676917,93.75754056624900,0.93757540566249,937.57540566249000,0.08736460930241
'HI-CT_UAV_1-CT_UAV_2-CT_UAV_4-YLD',XGB,0.86950904731981,0.13049095268019,93.54534891057550,0.93545348910576,935.45348910575500,0.09149087958219
'TGW-CT_UAV_1-CT_UAV_2-CT_UAV_3-YLD',XGB,0.86914914963629,0.13085085036371,96.31833035683510,0.96318330356835,963.18330356835100,0.03683036077219
'TGW-CT_UAV_2-CT_UAV_4-YLD',XGB,0.86820989212471,0.13179010787529,98.34260218133190,0.98342602181332,983.42602181331900,-0.00407992592062
'TGW-CT_UAV_2-CT_UAV_3-CT_UAV_4-YLD',XGB,0.86785049008518,0.13214950991482,97.56008985264480,0.97560089852645,975.60089852644800,0.01183543478089
'TGW-CT_UAV_2-YLD',XGB,0.86776173457890,0.13223826542110,94.29410129880360,0.94294101298804,942.94101298803600,0.07688896101254
'TGW-CT_UAV_4-YLD',XGB,0.86699727024555,0.13300272975446,95.99584965554640,0.95995849655546,959.95849655546400,0.04326908656680
'HI-CT_UAV_1-CT_UAV_4-YLD',XGB,0.86684671354471,0.13315328645529,93.15572172012980,0.93155721720130,931.55721720129800,0.09904320958446
'TGW-CT_UAV_1-CT_UAV_2-CT_UAV_3-CT_UAV_4-YLD',XGB,0.86554953409902,0.13445046590098,97.92569125024780,0.97925691250248,979.25691250247800,0.00441536628509
'CT_UAV_2-YLD',XGB,0.86525566601097,0.13474433398903,99.44053502246450,0.99440535022465,994.40535022464500,-0.02662490985947
'TGW-CT_UAV_3-CT_UAV_4-YLD',XGB,0.86502090579828,0.13497909420172,97.84815346119850,0.97848153461199,978.48153461198500,0.00599135453830
'CT_UAV_1-CT_UAV_2-CT_UAV_3-CT_UAV_4-YLD',SVR,0.86381734742686,0.13618265257314,99.27730305809550,0.99277303058096,992.77303058095500,-0.02325725982119
'CT_UAV_1-CT_UAV_2-CT_UAV_4-YLD',SVR,0.86381360185841,0.13618639814159,99.27377552694650,0.99273775526947,992.73775526946500,-0.02318454415268
'TGW-CT_UAV_2-CT_UAV_3-YLD',XGB,0.86379853575976,0.13620146424024,100.75117250742900,1.00751172507429,1007.51172507429000,-0.05386531496421
'CT_UAV_1-CT_UAV_4-YLD',SVR,0.86373762526998,0.13626237473002,99.37548724942130,0.99375487249421,993.75487249421300,-0.02528224164909
'CT_UAV_1-CT_UAV_3-CT_UAV_4-YLD',SVR,0.86370451858132,0.13629548141868,99.42653131636090,0.99426531316361,994.26531316360900,-0.02633578146280
'CT_UAV_4-YLD',XGB,0.86340889701275,0.13659110298725,98.45129539880370,0.98451295398804,984.51295398803700,-0.00630067231156
'CT_UAV_2-CT_UAV_3-CT_UAV_4-YLD',SVR,0.86331375685919,0.13668624314082,99.60431687439660,0.99604316874397,996.04316874396600,-0.03000946520389
'CT_UAV_3-CT_UAV_4-YLD',SVR,0.86331187199956,0.13668812800044,99.65468008263240,0.99654680082632,996.54680082632400,-0.03105134165169
'CT_UAV_2-CT_UAV_4-YLD',SVR,0.86320972317846,0.13679027682154,99.62958163427510,0.99629581634275,996.29581634275100,-0.03053205785858
'CT_UAV_4-YLD',SVR,0.86320969682217,0.13679030317783,99.59233615609800,0.99592336156098,995.92336156098000,-0.02976169459570
'TGW-CT_UAV_1-CT_UAV_2-CT_UAV_4-YLD',XGB,0.86244887053710,0.13755112946290,100.20318312085300,1.00203183120853,1002.03183120853000,-0.04243246605404
'TGW-CT_UAV_1-CT_UAV_2-YLD',XGB,0.86240897825953,0.13759102174047,98.75681018631540,0.98756810186315,987.56810186315400,-0.01255588224978
'CT_UAV_1-CT_UAV_2-YLD',SVR,0.86141258118601,0.13858741881399,99.63058709047770,0.99630587090478,996.30587090477700,-0.03055285810808
'CT_UAV_2-YLD',SVR,0.86138575896317,0.13861424103684,99.64412937838770,0.99644129378388,996.44129378387700,-0.03083303295009
'CT_UAV_2-CT_UAV_3-YLD',SVR,0.86132098914338,0.13867901085662,99.67639607156380,0.99676396071564,996.76396071563800,-0.03150074832414
'CT_UAV_1-CT_UAV_2-CT_UAV_3-YLD',SVR,0.86131286301004,0.13868713698996,99.68379590917410,0.99683795909174,996.83795909174100,-0.03165390838334
'TGW-CT_UAV_1-CT_UAV_3-YLD',XGB,0.86100624552667,0.13899375447333,98.75369468560780,0.98753694685608,987.53694685607800,-0.01249199665441
'CT_UAV_3-YLD',SVR,0.86099817896485,0.13900182103515,99.77341898830250,0.99773418988303,997.73418988302500,-0.03350980809498
'CT_UAV_1-CT_UAV_3-YLD',SVR,0.86077457859334,0.13922542140667,99.95905779789570,0.99959057797896,999.59057797895700,-0.03735929064689
'CT_UAV_1-YLD',SVR,0.86046862351105,0.13953137648895,100.27497670036100,1.00274976700361,1002.74976700361000,-0.04392676526629
'TGW-CT_UAV_1-CT_UAV_4-YLD',XGB,0.85756891088763,0.14243108911237,104.21085575228200,1.04210855752282,1042.10855752282000,-0.12748511636350
'TGW-CT_UAV_1-CT_UAV_3-CT_UAV_4-YLD',XGB,0.85677127776888,0.14322872223113,104.92103864125400,1.04921038641254,1049.21038641254000,-0.14290479664231
'CT_UAV_2-CT_UAV_4-YLD',XGB,0.85667773258779,0.14332226741221,107.21207278933000,1.07212072789330,1072.12072789330000,-0.19336220237753
'TGW-YLD',XGB,0.85553344516276,0.14446655483724,100.48359330647500,1.00483593306475,1004.83593306475000,-0.04827494875419
'CT_UAV_2-CT_UAV_3-YLD',XGB,0.85537701350874,0.14462298649126,103.98492809658500,1.03984928096585,1039.84928096585000,-0.12260167227795
'TGW-CT_UAV_1-YLD',XGB,0.85527745993893,0.14472254006108,104.35602944851600,1.04356029448516,1043.56029448516000,-0.13062865051479
'CT_UAV_1-CT_UAV_2-CT_UAV_3-YLD',XGB,0.85301480480525,0.14698519519475,105.51928425857200,1.05519284258572,1055.19284258572000,-0.15597533206246
'TGW-CT_UAV_3-YLD',XGB,0.85253585752437,0.14746414247563,108.03625750790900,1.08036257507909,1080.36257507909000,-0.21178048964436
'CT_UAV_2-CT_UAV_3-CT_UAV_4-YLD',XGB,0.85148132440155,0.14851867559845,110.22340842332700,1.10223408423327,1102.23408423326000,-0.26134115521421
'CT_UAV_3-YLD',XGB,0.84941945180029,0.15058054819971,105.48742067866900,1.05487420678669,1054.87420678669000,-0.15527729944551
'CT_UAV_1-CT_UAV_3-CT_UAV_4-YLD',XGB,0.84461561575113,0.15538438424887,114.44297841415900,1.14442978414159,1144.42978414159000,-0.35976292928971
'CT_UAV_1-CT_UAV_2-CT_UAV_3-CT_UAV_4-YLD',XGB,0.84434561011013,0.15565438988987,112.15727749737200,1.12157277497372,1121.57277497372000,-0.30598987665010
'CT_UAV_1-YLD',XGB,0.84251090321473,0.15748909678527,110.78653523344300,1.10786535233443,1107.86535233443000,-0.27426235707602
'CT_UAV_3-CT_UAV_4-YLD',XGB,0.84215461539041,0.15784538460960,112.95192499896400,1.12951924998964,1129.51924998964000,-0.32456161963443
'CT_UAV_1-CT_UAV_2-CT_UAV_4-YLD',XGB,0.84097288015033,0.15902711984967,116.27608445735600,1.16276084457356,1162.76084457356000,-0.40367217344603
'CT_UAV_1-CT_UAV_4-YLD',XGB,0.83765754773597,0.16234245226403,116.96771692131700,1.16967716921317,1169.67716921317000,-0.42042045966301
'CT_UAV_1-CT_UAV_2-YLD',XGB,0.83698359682101,0.16301640317899,116.18310679785100,1.16183106797851,1161.83106797851000,-0.40142823869032
'CT_UAV_1-CT_UAV_3-YLD',XGB,0.82854919760083,0.17145080239917,122.76773766490000,1.22767737664900,1227.67737664900000,-0.56478040426618
